DH id;E3FN id;E3 id;DHProvName;E3ProvName
1;1;1;Reykjavik;Reykjav?k
2;2;2;Torshavn;T?rshavn
3;3;2632;Akureyri;Akureyri
4;23;3;Stornoway;Stornoway
5;24;5;Scapa Flow;Kirkwall
6;25;6;Inverness;Inverness
7;26;7;Aberdeen;Aberdeen
8;28;2279;Fort William;Dumbarton
9;27;1165;Lerwick;Lerwick
10;34;9;Dumfries;Dumfries
11;33;8;Glasgow;Glasgow
12;35;1166;Edinburgh;Edinburgh
13;40;10;Sunderland;Sunderland
14;44;2245;Carlisle;Carlisle
15;41;11;Hull;Kingston upon Hull
16;68;1164;Lincoln;Lincoln
17;42;12;Manchester;Manchester
18;43;13;Sheffield;Sheffield
19;52;22;Bristol;Bristol
20;54;1160;Exeter;Truro
21;61;3042;Caernarfon;Wrexham
22;50;15;Cardiff;Cardiff
23;53;23;Plymouth;Plymouth
24;49;14;Birmingham;Birmingham
25;64;17;Norwich;Norwich
26;66;20;Dover;Dover
27;67;21;Portsmouth;Portsmouth
28;51;16;Oxford;Oxford
29;65;19;London;London
30;12;3048;Waterford;Port Lairge
31;9;25;Cork;Corcaigh
32;10;26;Galway;Gaillimh
33;17;27;Letterkenny;Leitir Ceanainn
34;11;30;Dublin;Baile ?tha Cliath
35;19;29;Londonderry;Londonderry
36;18;28;Belfast;Belfast
37;121;32;Brest;Brest
38;122;33;Rennes;Rennes
39;123;34;Lorient;Lorient
40;126;3157;Saint-Nazaire;Saint-Nazaire
41;127;3158;Saint-Brieuc;Lannion
42;113;37;Avranches;Avranches
43;114;38;Cherbourg;Cherbourg
44;115;39;Caen;Caen
45;117;41;Le Havre;Le Havre
46;119;3160;Bayeux;Bayeux
47;116;40;Falaise;Argentan
48;118;2555;Evreux;?vreux
49;103;18;Calais;Calais
50;104;42;Amiens;Amiens
51;105;43;Dunkirk;Dunkerque
52;106;44;Lille;Lille
53;111;7088;Dieppe;Abbeville
54;140;63;Troyes;Troyes
55;150;56;Paris;Paris
56;107;54;Chateau Thierry;Compiegne
57;124;35;Nantes;Nantes
58;153;36;Le Mans;Le Mans
59;162;3162;Angers;Angers
60;154;57;Chartres;Chartres
61;155;58;Tours;Tours
62;156;60;Poitiers;Poitiers
63;141;318;Auxerre;Auxerre
64;146;3168;Le Creusot;Autun
65;157;61;Bourges;Bourges
66;158;62;Orleans;Orl?ans
67;193;325;Mont-de-Marsan;Mont-de-Marsan
68;191;59;Bordeaux;Bordeaux
69;192;323;La Rochelle;La Rochelle
70;195;3153;Angouleme;Angouleme
71;185;361;Clermont-Ferrand;Clermont-Ferrand
72;181;320;Chateauroux;Ch?teauroux
73;182;321;Limoges;Limoges
74;184;360;Vichy;Vichy
75;183;322;Perigueux;P?rigueux
76;190;3152;Tulle;Brive-la-Gaillarde
77;203;359;Toulouse;Toulouse
78;164;319;Saint-Etienne;Saint-?tienne
79;209;3142;Beziers;Carcassonne
80;202;358;Perpignan;Perpignan
81;214;3147;Rodez;Rodez
82;204;362;Montpellier;Montpellier
83;206;2242;Pau;Pau
84;212;3145;Agen;Agen
85;170;529;Lyon;Lyon
86;166;365;Toulon;Toulon
87;167;366;Nice;Nice
88;171;1676;Bourg-en-Bresse;Bourg-en-Bresse
89;165;364;Marseille;Marseille
90;168;527;Grenoble;Grenoble
91;178;3137;Chambery;Chambery
92;174;2626;Valence;Valence
93;169;528;Avignon;Avignon
94;215;367;Corsica;Ajaccio
95;142;2514;Chaumont;Chaumont
96;138;3172;Longwy;Longwy
97;136;1643;Belfort;Besan?on
98;137;3170;Pontarlier;Pontarlier
99;139;55;Reims;Reims
100;134;841;Verdun;Verdun
101;109;3176;Laon;Saint-Quentin
102;149;3173;Sedan;Charleville-Mezieres
103;108;3174;Hirson;Velenciennes
104;130;72;Metz;Metz
105;132;316;Colmar;Mulhouse
106;135;1022;Nancy;Nancy
107;131;73;Strasbourg;Strasbourg
108;97;68;Liege;Li?ge
109;99;71;Luxembourg;L?tzebuerg
110;101;2292;Eupen;Eupen
111;98;70;Arlon;Arlon
112;95;52;Mons;Mons
113;96;65;Namur;Namur
114;90;45;Bruges;Brugge
115;91;50;Antwerpen;Antwerpen
116;92;51;Brussels;Brussel
117;93;69;Hasselt;Hasselt
118;79;49;Eindhoven;Eindhoven
119;80;77;Arnhem;Arnhem
120;83;1019;Nijmegen;Nijmegen
121;84;1082;Maastricht;Maastricht
122;77;47;Amsterdam;Amsterdam
123;78;48;Middelburg;Middelburg
124;81;78;Groningen;Groningen
125;76;46;Rotterdam;Rotterdam
126;504;66;Aachen;Aachen
127;505;74;Saarbrucken;Saarbr?cken
128;508;1018;Trier;Trier
129;507;1016;Koblenz;Koblenz
130;490;1015;Mainz;Mainz
131;506;75;Cologne;K?ln
132;514;315;Freiburg;Freiburg im Breisgau
133;515;989;Konstanz;Friedrichshafen
134;513;314;Stuttgart;Stuttgart
135;517;2597;Tubingen;T?bingen
136;516;1014;Karlsruhe;Karlsruhe
137;487;82;Kassel;Kassel
138;488;313;Frankfurt/Main;Frankfurt am Main
139;489;970;Darmstadt;Darmstadt
140;491;2627;Fulda;Fulda
141;497;81;Muenster;M?nster
142;496;76;Duesseldorf;D?sseldorf
143;499;1904;Neuwied;Neuwied
144;498;1405;Bielefeld;Bielefeld
145;495;67;Essen;Essen
146;462;86;Hannover;Hannover
147;464;2102;Wilhelmshaven;West Cape
148;463;87;Bremen;Bremen
149;465;2381;Luneburg;L?neburg
150;423;2370;Flensburg;Flensburg
151;420;89;Lubeck;L?beck
152;421;90;Kiel;Kiel
153;422;296;Rostock;Rostock
154;419;88;Hamburg;Hamburg
155;430;1779;Stolp;Stolp
156;443;297;Neuruppin;Neuruppin
157;444;299;Potsdam;Potsdam
158;429;302;Stettin;Stettin
159;446;308;Meseritz;Meseritz
160;448;546;Frankfurt/Oder;Frankfurt an der Oder
161;431;1810;Deutsch Krone;Schneidem?hl
162;428;301;Stralsund;Stralsund
163;445;300;Berlin;West-Berlin
164;452;482;Oppeln;Oels
165;453;1400;Liegnitz;Liegnitz
166;455;1623;Waldenburg;Waldenburg
167;451;473;Breslau;Breslau
168;454;1595;Gleiwitz;Gleiwitz
169;480;3243;Magdeburg;Magdeburg
170;475;310;Leipzig;Leipzig
171;479;3242;Erfurt;Erfurt
172;447;309;Cottbus;Cottbus
173;476;311;Dresden;Dresden
174;521;83;Bayreuth;Bayreuth
175;525;375;Regensburg;Regensburg
176;522;85;Landshut;Landshut
177;523;312;Nuremberg;N?rnberg
178;524;374;Augsburg;Augsburg
179;526;376;Munich;M?nchen
180;527;547;Wurzburg;W?rzburg
181;435;303;Danzig;Danzig
182;436;223;Tilsit;Tilsit
183;437;304;Elbing;Elbing
184;438;510;Koenigsberg;K?nigsberg
185;439;1811;Allenstein;Allenstein
186;541;465;Freistadt;Freistadt
187;542;2327;Linz;Linz
188;544;2329;Eisenstadt;Eisenstadt
189;535;377;Innsbruck;Innsbruck
190;545;3217;Graz;Graz
191;537;461;Klagenfurt;Klagenfurt
192;538;462;Salzburg;Salzburg
193;543;2328;Sankt Poelten;Sankt P?lten
194;540;464;Hollabrunn;Hollabrunn
195;539;463;Vienna;Wien
196;795;475;Brno;Brno
197;789;467;Znojmo;Znojmo
198;790;468;Hradec Kralov;Hradec Kr?lov?
199;792;470;Plzen;Plzen
200;793;471;Liberec;Liberec
201;794;474;Ostrava;Ostrava
202;796;1888;Ceske Budejovice;Cesk? Budejovice
203;786;2296;Tesin;Tes?n
204;787;53;Prachatice;Prachatice
205;788;466;Karlovy Vary;Karlovy Vary
206;785;472;Opava;Opava
207;791;469;Prague;Praha
208;801;476;Bratislava;Bratislava
209;804;490;Kosice;Kosice
210;807;1889;Komarno;Kom?rno
211;802;477;Banska Bystrica;Bansk? Bystrica
212;813;7261;Zilina;Nitra
213;805;499;Chust;Chust
214;806;1887;Presov;Presov
215;808;2302;Uzhorod;Uzhorod
216;409;91;Abenra;?benr?
217;410;92;Aalborg;Aalborg
218;413;292;Frederikshavn;Frederikshavn
219;414;293;Odense;Odense
220;411;120;Arhus;?rhus
221;783;486;Katowice;Katowice
222;769;307;Torun;Torun
223;758;481;Lodz;L?dz
224;770;483;Poznan;Poznan
225;767;208;Bydgoszcz;Bydgoszcz
226;768;306;Gdynia;Gdynia
227;775;480;Czestochowa;Czestochowa
228;779;1876;Siedlce;Siedlce
229;760;508;Ostroleka;Ostroleka
230;757;305;Plock;Plock
231;756;222;Wloclawek;Wloclawek
232;759;485;Warsaw;Warszawa
233;780;3267;Sosnowiec;Sosnowiec
234;776;484;Radom;Radom
235;774;479;Krakow;Krak?w
236;778;488;Nowy Sacz;Nowy Sacz
237;744;489;Tarnow;Rzeszow
238;747;507;Stanislawow;Stanislaw?w
239;748;1884;Przemysl;Przemysl
240;743;229;Tarnopol;Tarnopol
241;751;3396;Stryj;Brzezany
242;746;501;Lwow;Lw?w
243;777;487;Lublin;Lublin
244;725;502;Rowne;R?wne
245;728;506;Lutsk;Luck
246;731;3270;Chelm;Chelm
247;726;503;Brest-Litovsk;Brzesc Litewski
248;729;562;Pinsk;Pinsk
249;730;1885;Sarny;Sarny
250;721;1875;Lomza;Lomza
251;738;3276;Nowogrodek;Baranowicze
252;720;509;Suwalki;Suwalki
253;736;102;Wolkowysk;Wolkowysk
254;719;505;Bialystok;Bialystok
255;718;209;Grodno;Grodno
256;735;95;Vilejka;Molodeczno
257;737;213;Glebokie;Glebokie
258;713;214;Wilno;Wilno
259;704;206;Siauliai;Siauliai
260;707;577;Panevezys;Panevezys
261;708;2606;Klaipeda;Klaipeda
262;705;207;Kaunas;Kaunas
263;706;511;Alytus;Alytus
264;694;197;Riga;Riga
265;695;198;Valmiera;Valmiera
266;969;202;Daugavpils;Daugavpils
267;697;203;Jekabpils;Jekabpils
268;699;205;Liepaja;Liepaja
269;698;204;Jelgava;Jelgava
270;685;194;Tallinn;Tallinn
271;687;196;Parnu;P?rnu
272;688;199;Tartu;Tartu
273;689;1886;Voru;Voru
274;684;193;Narva;Narva
275;686;195;Kuressaare;Kuressaare
276;814;224;Zalaegerszeg;Zalaegerszeg
277;815;456;Pecs;P?cs
278;816;458;Szekesfehervar;Sz?kesfeh?rv?r
279;817;2447;Gyor;Gyor
280;823;492;Szeged;Szeged
281;824;497;Debrecen;Debrecen
282;822;491;Miskolc;Miskolc
283;825;1890;Bekescsaba;B?k?scsaba
284;821;457;Budapest;Budapest
285;834;495;Timisoara;Timisoara
286;835;496;Arad;Arad
287;847;7300;Turda;Turda
288;832;428;Cluj;Cluj
289;831;427;Alba Iulia;Alba Iulia
290;5886;290;Store Belt;?resund
291;833;430;Sibiu;Sibiu
292;837;1403;Bistrita;Bistrita
293;844;3386;Miercurea Ciuc;Targu Mures
294;415;294;Copenhagen;Kobenhavn
295;840;2602;Resita;Resita
296;836;498;Oradea;Oradea
297;867;433;Iasi;Iasi
298;870;2604;Galati;Galati
299;866;429;Bacau;Bacau
300;868;1173;Cernauti;Cernauti
301;869;1402;Suceava;Suceava
302;878;1401;Hotin;Hotin
303;875;230;Balti;Balti
304;876;434;Chisinau;Chisinau
305;879;2605;Cahul;Cahul
306;877;435;Ismail;Ismail
307;858;3055;Dobrich;Mangalia
308;850;425;Giurgiu;Giurgiu
309;853;432;Braila;Braila
310;854;436;Constantza;Constanta
311;852;431;Ploesti;Ploesti
312;857;2603;Turnu Severin;Turnu Severin
313;863;6511;Sulina;Sulina
314;856;2450;Calarasi;Calarasi
315;851;426;Craiova;Craiova
316;849;424;Bucharest;Bucuresti
317;968;1911;Ruse;Ruse
318;975;6506;Vidin;Vidin
319;969;2323;Haskovo;Smolyan
320;962;416;Gorna Dzhumaya;Gorna Dzhumaya
321;963;417;Sofia;Sofia
322;971;2612;Gabrovo;Lovech
323;965;420;Pleven;Pleven
324;966;421;Plovdiv;Plovdiv
325;967;422;Burgas;Burgas
326;970;2324;Varna;Varna
327;946;1896;Krusevac;Krusevac
328;940;414;Kumanovo;Stip
329;941;415;Pristina;Pristina
330;942;451;Nis;Nis
331;943;1168;Pirot;Pirot
332;938;389;Cetinje;Cetinje
333;939;413;Skopje;Skoplje
334;944;1169;Tetovo;Tetovo
335;945;1894;Prijepolje;Prijepolje
336;929;494;Petrovgrad;Petrovgrad
337;932;1897;Ruma;Ruma
338;927;453;Belgrade;Beograd
339;936;6557;Bor;Pozarevac
340;931;1895;Sabac;Sabac
341;928;493;Novi Sad;Novi Sad
342;926;452;Uzice;Uzice
343;889;388;Dubrovnik;Dubrovnik
344;890;454;Osijek;Osijek
345;891;455;Bjelovar;Bjelovar
346;892;459;Maribor;Maribor
347;884;291;Karlovac;Karlovac
348;296;348;Gibraltar;Gibraltar
349;885;380;Ljubljana;Ljubljana
350;888;384;Split;Split
351;903;3366;Knin;Knin
352;887;382;Zagreb;Zagreb
353;911;383;Banja Luka;Banja Luka
354;913;386;Tuzla;Tuzla
355;912;385;Sarajevo;Sarajevo
356;914;387;Mostar;Mostar
357;915;1891;Bihac;Bihac
358;925;7267;Travnik;Travnik
359;979;390;Tirana;Tiran?
360;981;664;Korce;Kor??
361;982;665;Shkoder;Shkod?r
362;980;391;Vlore;Vlor?
363;996;2610;Xanthi;Xanthi
364;991;410;Kavala;Kavala
365;993;412;Thessaloniki;Thessaloniki
366;1002;7319;Kozani;Kozani
367;988;392;Ioannina;Ioannina
368;990;402;Larissa;Larissa
369;997;3392;Metsovo;Trikala
370;1003;7352;Alexandroupoli;Soufli
371;989;393;Kerkyra;Kerkyra
372;1004;394;Patra;Patra
373;1005;395;Corinth;Korinthos
374;1006;400;Chalcis;Chalkida
375;1013;7318;Levadhia;Livadeia
376;1010;2872;Agrinion;Agrinio
377;1007;401;Athens;Athina
378;1019;398;Kalymnos;Samos
379;1016;399;Rodos;Rodos
380;1017;563;Sitia;Sitia
381;1018;653;Ermoupoli;Ermoupoli
382;1014;396;Irakleio;Hrakleio
383;1022;405;Mytilene;Mytilini
384;1025;2613;Gallipoli;Gelibolu
385;1024;2322;Adrianople;Edirne
386;2794;446;Kars;Kars
387;1028;418;Famagusta;Gazimagusa
388;1029;444;Nicosia;Lefkosia
389;552;533;Zurich;Z?rich
390;549;372;Lugano;Lugano
391;550;530;Geneva;Geneve
392;551;532;Bern;Bern
393;571;2623;Brescia;Brescia
394;576;3226;Belluno;Belluno
395;578;3356;Bergamo;Sondrio
396;559;368;Genoa;Genova
397;1023;397;Sea of Marmara;Istanbul
398;564;531;Turin;Torino
399;570;2399;Alessandria;Alessandria
400;562;378;Venice;Venezia
401;561;371;Trento;Trento
402;567;1408;Bolzano;Bolzano
403;569;2326;Capodistria;Capodistria
404;565;666;Trieste;Trieste
405;566;668;Udine;Udine
406;579;3357;Pola;Pola
407;560;370;Milan;Milano
408;590;369;Parma;Parma
409;1023;409;Istanbul;Istanbul
410;592;513;Florence;Firenze
411;591;512;Bologna;Bologna
412;601;514;Ancona;Ancona
413;593;542;Livorno;Livorno
414;603;516;Perugia;Perugia
415;604;517;Pescara;Pescara
416;606;519;Anzio;Latina
417;621;543;Cassino;Cassino
418;610;6553;Gaeta;Tivoli
419;602;515;Rome;Roma
420;616;520;Foggia;Foggia
421;617;521;Naples;Napoli
422;619;523;Taranto;Taranto
423;618;522;Campobasso;Campobasso
424;625;3223;Potenza;Potenza
425;620;524;Reggio Calabria;Reggio Calabria
426;622;2621;Bari;Bari
427;623;2622;Salerno;Salerno
428;626;3224;Cosenza;Cosenza
429;634;31;Malta;Il-Belt Valletta
430;628;525;Palermo;Palermo
431;629;526;Messina;Messina
432;630;544;Catania;Catania
433;631;3057;Siracuse;Siracusa
434;611;534;Cagliari;Cagliari
435;612;545;Sassari;Sassari
436;258;356;Tarragona;Tarragona
437;260;536;Gerona;Gerona
438;220;329;Huesca;Huesca
439;261;537;Lerida;L?rida
440;259;357;Barcelona;Barcelona
441;234;334;Coruna;La Coru?a
442;221;330;Zaragoza;Zaragoza
443;222;331;Bilbao;Bilbao
444;233;332;Oviedo;Oviedo
445;236;1726;Santander;Santander
446;224;2244;Pamplona;Pamplona
447;246;962;Salamanca;Salamanca
448;247;1532;Leon;Le?n
449;235;1537;Vigo;Vigo
450;281;3196;Plasencia;Plasencia
451;242;333;Burgos;Burgos
452;245;961;Segovia;Segovia
453;267;338;Caceres;C?ceres
454;276;3191;Tarancon;Taranc?n
455;274;1531;Guadalajara;Guadalajara
456;244;340;Soria;Soria
457;269;342;Toledo;Toledo
458;270;343;Badajoz;Badajoz
459;223;1734;Teruel;Teruel
460;268;341;Madrid;Madrid
461;289;355;Castellon de la Plana;Castell?n de la Plana
462;290;1714;Alicante;Alicante
463;287;352;Murcia;Murcia
464;288;354;Valencia;Valencia
465;272;1161;Albacete;Albacete
466;302;2618;Jaen;Jaen
467;299;351;Cordoba;C?rdoba
468;271;353;Ciudad Real;Ciudad Real
469;301;2617;Almeria;Almeria
470;298;350;Granada;Granada
471;297;349;Malaga;M?laga
472;294;346;Huelva;Huelva
473;300;1157;Cadiz;C?diz
474;295;347;Sevilla;Sevilla
475;217;535;Palma de Mallorca;Palma de Mallorca
476;311;336;Lisbon;Lisboa
477;313;344;Setubal;Set?bal
478;314;345;Beja;Beja
479;312;337;Coimbra;Coimbra
480;316;1163;Evora;?vora
481;310;335;Porto;Porto
482;315;965;Covilha;Castelo Branco
483;346;107;Oslo;Oslo
484;345;104;Fredrikstad;Fredrikstad
485;347;108;Kristiansand;Kristiansand
486;357;3292;Honefoss;Honefoss
487;348;109;Stavanger;Stavanger
488;354;129;Bergen;Bergen
489;350;111;Hamar;Hamar
490;338;117;Andalsnes;Molde
491;359;3294;Alesund;Alesund
492;353;116;Lillehammer;Lillehammer
493;339;118;Trondheim;Trondheim
494;340;124;Bodo;Bodo
495;341;2276;Narvik;Narvik
496;333;128;Alta;Alta
497;332;125;Tromso;Tromso
498;2654;1550;Pavlodar;Pavlodar
499;2655;1551;Ekibastuz;Ekibastuz
500;2692;1555;Balkhash;Balqash
501;2693;1576;Kokchetav;K?kshetau
502;2696;1581;Akmolinsk;Aqmolinsk
503;2697;1582;Karaganda;Qaraghandy
504;2653;1424;Alma-Ata;Alma-Ata
505;2656;1556;Sar;Shar
506;2651;1422;Taldy-Kurgan;Taldyqorghan
507;1471;3611;Ust-Kamenogorsk;Ongudaj
508;0;3009;Lake Erie;
509;0;3007;Lake Michigan;
510;0;3008;Lake Huron;
511;641;3339;Enontekio;Hetta
512;675;140;Pori;Pori
513;642;3340;Inari;Inari
514;640;3338;Kemijarvi;Sodankyl?
515;635;130;Rovaniemi;Rovaniemi
516;644;7153;Tornio;Tornio
517;637;132;Petsamo;Petsamo
518;672;7155;Suomussalmi;Suomussalmi
519;639;2631;Salla;Salla
520;663;137;Oulu;Oulu
521;664;138;Vaasa;Vaasa
522;655;147;Kuopio;Kuopio
523;662;136;Kajaani;Kajaani
524;676;141;Turku;Turku
525;677;142;Helsinki;Helsinki
526;673;103;Ahvenanmaa;Maarianhamina
527;674;139;Tampere;Tampere
528;657;3327;Mikkeli;Mikkeli
529;681;3324;Kouvola;Kotka
530;645;123;Terijoki;Terijoki
531;647;145;Viipuri;Viipuri
532;648;146;Sortavala;Sortavala
533;649;149;Joensuu;Joensuu
534;1033;134;Kola;Jokanga
535;1032;133;Murmansk;Murmansk
536;1034;135;Kandalaksha;Kandalaksa
537;1038;150;Kem;Kem'
538;1039;151;Segezha;Segeza
539;1040;152;Petrozavodsk;Petrozavodsk
540;1041;183;Kestenga;Kesten'ga
541;1042;184;Belomorsk;Soroka
542;1049;154;Arkhangelsk;Arhangel'sk
543;1155;165;Totma;Tot'ma
544;1158;1533;Kichmensky Gorodok;Kicmengskij Gorodok
545;1050;1156;Velsk;Vel'sk
546;1051;1534;Sudostroy;Sudostroj
547;1154;153;Kirillov;Kirillov
548;1156;171;Volodga;Volodga
549;1151;7002;Luga;Luga
550;1148;188;Kingisepp;Kingisepp
551;1146;186;Gatchina;Krasnogvardejsk
552;1162;192;Gdov;Gdov
553;1147;187;Leningrad;Leningrad
554;1174;173;Kinry;Kimry
555;1159;2488;Cherepovets;Cerepovec
556;1157;172;Vytegra;Vytegra
557;1145;185;Tikhvin;Tihvin
558;1177;288;Rzhev;Rzev
559;1168;190;Borovichi;Borovici
560;1170;200;Novgorod;Novgorod
561;1169;191;Staraya Russa;Staraja Russa
562;1149;189;Kirishi;Kirisi
563;1178;289;Torzhok;Vysnij Voloc?k
564;1166;1564;Opochka;Opocka
565;1165;216;Dno;Dno
566;1163;201;Pskov;Pskov
567;1179;3456;Serpukhov;Zubcov
568;1195;1155;Solnechnogorsk;Himki
569;1175;174;Tver;Kalinin
570;1193;176;Zagorsk;Lobnja
571;1194;180;Orekhovo-Zuyevo;Orehovo-Zuevo
572;1192;175;Moscow;Moskva
573;1164;215;Velikiye Luki;Velikije Luki
574;1183;182;Vyazma;Vjaz'ma
575;1187;285;Safonovo;Safonovo
576;1205;2240;Kaluga;Kaluga
577;1176;286;Nelidovo;Nelidovo
578;1198;169;Sasovo;Sasovo
579;1202;279;Ryazan;Rjazan'
580;1208;7086;Yelets;Skopin
581;1200;276;Orel;Or?l
582;1201;278;Livny;Livny
583;1203;1596;Efremov;Stalinogorsk
584;1204;1598;Tula;Tula
585;1199;181;Kozelsk;Ljudinovo
586;1185;275;Roslavl;Roslavl'
587;1186;277;Klintsy;Klincy
588;1188;1597;Bryansk;Brjansk
589;1184;219;Smolensk;Smolensk
590;1077;217;Vitebsk;Viciebsk
591;1078;218;Orsha;Orsa
592;1083;3400;Borisov;Lepiel
593;1081;1874;Polotsk;Polack
594;1069;221;Bobruisk;Babrujsk
595;1070;225;Mozyr;Mazyr
596;1071;272;Slutsk;Sluck
597;1072;273;Luban;Luban
598;1074;1566;Rechytsa;Recyca
599;1068;212;Minsk;Minsk
600;1079;220;Mogilev;Mahilou
601;1080;274;Gomel;Homel
602;1217;243;Zheleznogorsk;Dmitriev-L'govskij
603;1218;247;Belgorod;Belgorod
604;1221;282;Kursk;Kursk
605;1141;242;Konotop;Konotop
606;1142;244;Sumy;Sumi
607;1140;241;Chernigov;Cernigiv
608;1139;239;Nezhin;Nizin
609;1091;240;Korosten;Korosten'
610;1116;245;Kremenchug;Kremencuk
611;1088;227;Zhitomir;Zitomir
612;1098;228;Vinnitsa;Vinnic?
613;1089;237;Cherkasy;Cerkasi
614;1101;267;Proskurov;Proskuriv
615;1092;1154;Uman;Uman'
616;1087;226;Novograd-Volynsky;Novograd-Volinskij
617;1090;238;Kiev;Kiiv
618;1097;161;Kamenets-Podolsky;Kam'?nec'-Podil's'kij
619;1099;231;Mogilev-Podolsky;Mogiliv-Podil's'kij
620;1100;232;Balta;Balta
621;1102;1571;Tiraspol;Tiraspol
622;1106;234;Nikolayev;Mikolaiv
623;1108;250;Melitopol;Melitopol'
624;1111;3411;Kherson;Curupins'k
625;1110;1565;Ochakov;Ocakiv
626;1105;233;Odessa;Odesa
627;1114;235;Krivoy Rog;Krivij Rig
628;1115;236;Kirovograd;Kirovograd
629;1117;246;Poltava;Poltava
630;1128;3414;Zaporozhye;Pavlograd
631;1124;258;Mariupol;Mariupol'
632;1118;1152;Dnepropetrovsk;Dnipropetrovs'k
633;1127;266;Kupyansk;Kup'?ns'k
634;1125;259;Voroshilovgrad;Lugans'k
635;1126;260;Bakhmut;Stalino
636;1123;248;Kharkov;Harkiv
637;1135;252;Yevpatoria;Evpatorija
638;1134;155;Simferopol;Simferopol'
639;1138;1827;Dzhankoy;Dzankoj
640;1137;254;Kerch;Kerc'
641;1136;253;Sevastopol;Sevastopol'
642;1261;159;Surovikino;Surovikino
643;1276;268;Morozovsk;Morozovskaja
644;1277;269;Rostov-on-Don;Rostov-na-Donu
645;1313;270;Konstantinovsk;Semikarakorskaja
646;1219;261;Ostrogozhsk;Alekseevka
647;1220;262;Stary Oskol;Staryj Oskol
648;1233;3461;Rossosh;Ostrogozsk
649;1130;3416;Kamensk-Shakhtinsky;Rubizne
650;1225;156;Tambov;Tambov
651;1226;157;Borisoglebsk;Borisoglebsk
652;1231;284;Lipetsk;Lipeck
653;1228;264;Pavlovsk;Pavlovsk
654;1229;281;Voronezh;Voronez
655;1262;160;Uryupinsk;Urjupinsk
656;1298;158;Ulyanovsk;Ul'janovsk
657;1245;280;Balashov;Balasov
658;1247;1831;Penza;Penza
659;1265;1833;Kalach-on-Don;Kalac
660;1267;1836;Volzhsky;Krasnaja Sloboda
661;1266;1834;Kamyshin;Kamysin
662;1269;3465;Kotelnikovo;Svetlyj Jar
663;1263;163;Stalingrad;Stalingrad
664;1285;1781;Naberezhnye Chelny;Nabereznyje Celny
665;1246;1829;Volsk;Vol'sk
666;1249;1839;Balakowo;Engels'
667;1400;3668;Tolyatti;Buzuluk
668;1300;1830;Kuybyshev;Kujbysev
669;1248;1832;Saratov;Saratov
670;1237;1777;Saransk;Saransk
671;1286;1782;Izhevsk;Izevsk
672;1284;1780;Kazan;Kazan'
673;1287;1783;Yoshkar-Ola;Joskar-Ola
674;1282;1775;Zelenodolsk;Buinsk
675;1283;1776;Cheboksary;Ceboksary
676;1210;170;Rybinsk;Rybinsk
677;1211;177;Yaroslavl;Jaroslavl'
678;1212;178;Vladimir;Vladimir
679;1213;179;Murom;Murom
680;1235;166;Gorky;Gor'kij
681;1238;1841;Kostroma;Kostroma
682;1209;167;Ivanovo;Ivanovo
683;1236;168;Arzamas;Arzamas
684;1281;1774;Vyatka;Kirov
685;1062;1536;Syktyvkar;Syktyvkar
686;1393;3683;Kudymkar;Kudymkar
687;1310;1773;Perm;Perm'
688;1064;1771;Ukhta;Cib'ju
689;1309;1574;Solikamsk;Berezniki
690;1308;1150;Sterlitamak;Sterlitamak
691;1350;256;Krasnodar;Krasnodar
692;1312;257;Salsk;Sal'sk
693;1348;162;Maykop;Majkop
694;1349;255;Novorossiysk;Novorossijsk
695;1351;1843;Sochi;Soci
696;1352;2614;Cherkessk;Armavir
697;1335;3441;Volgodonsk;Petrovskoe
698;1321;1842;Voroshilovsk;Vorosilovsk
699;1318;1151;Elista;Elista
700;1319;1837;Khasavyurt;Hasavjurt
701;1322;1844;Nalchik;Nal'cik
702;1324;1847;Grozny;Groznyj
703;1325;1849;Vladikavkaz;Ordzonikidze
704;1326;1857;Makhachkala;Mahackala
705;1327;2368;Nazran;Nazran'
706;1320;1838;Astrakhan;Astrahan'
707;1357;1149;Tskhinvali;Tskhinvali
708;1359;1848;Kutaisi;Kutaisi
709;1360;1850;Tbilisi;Tblisi
710;1358;1845;Sukhumi;Sokhumi
711;1370;1856;Yerevan;Erewan
712;1378;3425;Stepanakert;Yevlax
713;1372;1907;Baku;Baki
714;1373;2470;Nakhchivan;Nax?ivan
715;3184;2331;Tangier;Tangah
716;3185;2332;Nador;an-Nazur
717;3189;958;Rabat;ar-Ribat
718;3195;2901;Casablanca;Asfi
719;3193;1121;Tiznit;Tiznit
720;3194;2900;Agadir;Agadir
721;3190;959;Fes;Fas
722;3192;966;Marrakech;Murrakus
723;3201;4398;Khenifra;Khanifra
724;3173;956;Oujda;Wugda
725;3175;969;Ouarzazate;al-Qasr as-Suq
726;3176;4396;Er Rachidia;Fikik
727;3141;949;Algiers;Alger
728;3148;950;Oran;Oran
729;3149;953;Tlemcen;Tlemcen
730;3143;2909;Orleansville;Orleansville
731;3132;943;Batna;Batna
732;3139;944;Djelfa;Djelfa
733;3160;2914;Geryville;Geryville
734;3131;942;Constantine;Constantine
735;3133;945;Bona;Bone
736;3140;946;Bougie;Bougie
737;3138;4524;Touggourt;Touggourt
738;3156;1013;Tamanrasset;Fort Laperrine
739;3159;2913;Colomb Bechar;Colomb-Bechar
740;3124;937;Kasserine;al-Qasrain
741;3120;935;Tataouine;Tatawin
742;3123;4534;Medenine;Madanin
743;3135;2905;Tebessa;Tebessa
744;3121;936;Gabes;Qabis
745;3125;938;Sousse;Susa
746;3130;2821;El Kef;al-Qairawan
747;3126;939;Tunis;Tunis
748;3127;940;Bizerte;Binzart
749;3128;941;Beja;Baga
750;3111;932;Tripoli;Tarabulus
751;3110;931;Gharyan;Garyan
752;3112;933;Az Zawiyah;az-Zawiya
753;3113;952;Ghadamis;Gdames
754;3092;927;Maradah;Maradah
755;3097;928;Houn;Hun
756;3098;929;Sirt;Surt
757;3109;930;Misratah;Misrata
758;3101;4542;Bu Nujaym;Bu Ngem
759;3095;2892;El Agheila;Marsa al-Buraiqa
760;3094;2891;Msus;Msus
761;3090;924;Benghazi;Bangazi
762;3091;925;Agedabia;Igdabiya
763;3100;4541;Qaminis;Bin Gawad
764;3093;2890;Al Bayda;al-Baida
765;3084;920;Tobruk;Tubruq
766;3089;2888;Al Mukhayla;Tengeder
767;3086;922;Gazala;Ben Gania
768;3088;926;Darnah;Galu
769;3085;921;Bir Hakeim;Bab es-Serir
770;3077;917;Al Jaghbub;al-Gagbub
771;3083;919;Bardia;al-Bardiya
772;3077;917;Bir el Gubi;al-Gagbub
773;3088;926;Jalu;Galu
774;3082;4538;Al Jawf;Waw an-Namus
775;3080;2887;Wadi al Hamim;Tazirbu
776;3103;2895;Sabha;Sabha
777;3294;4600;Ayn Ath Talab;Bardai
778;3045;909;Bir Fuad;Qara
779;3046;913;Siwah;Siwa
780;3047;915;Sidi Barrani;Sidi Barrani
781;3048;2897;As Sollum;as-Sallum
782;3049;7298;Bir Baylih;Buq Buq
783;3042;910;El Alamein;al-'Alamain
784;3043;911;Fuqa;Sidi Abd ar-Rahman
785;3044;914;Matruh;Marsa Matruh
786;3037;902;Dimyat;Dumyat
787;3038;903;Cairo;al-Qahira
788;3039;904;Giza;al-Giza
789;3041;907;Alexandria;al-Iskandariyya
790;3040;906;Tanta;Tanta
791;3035;901;Port Said;Bur Sa'id
792;3051;905;El Faiyum;al-Fayyum
793;3052;1023;Miniah;al-Minya
794;3053;1024;Asyut;Asyut
795;3055;1026;Aswan;Aswan
796;3050;4;El Ghardaqah;al-Gurdaqa
797;3054;1025;Luxor;al-Uqsur
798;3072;1027;El Kharga;al-Hariga
799;3069;912;Moghara;Ain al-Qattara
800;3070;1020;Bir Nahid;Abu Sahara
801;3071;1021;El Farafra;al-Farafra
802;3073;2898;El Qasr;al-Qasr
803;3302;1028;Wadi Halfa;Wadi Halfa
804;3303;1029;Dunqula;Dunqula
805;3331;1032;Omdurman;Umm Durman
806;3312;1067;El Obeid;al-Ubayyid
807;3311;1065;Juba;Guba
808;3304;1068;Nayala;Niyala
809;3296;1069;Waw;Waw
810;3334;1066;Khartoum;al-Hartum
811;3332;1040;El Qadarif;al-Qadarif
812;3335;4649;Malakal;Malakal
813;3340;1030;Port Sudan;Bur Sudan
814;3330;1031;Kassala;Kassala
815;3345;1033;Massawa;Mussuwa'
816;3346;1038;Assab;Asab'
817;3347;1039;Asmara;Asmara
818;3373;1050;Dire Dawa;Dire Dabbe
819;3354;1049;Tendaho;Abala
820;3358;1044;Dessie;Dessie
821;3354;1049;Adigrat;Abala
822;3359;2342;Debre Marqos;Asosa
823;3357;1043;Gonder;Gonder
824;3359;2342;Asosa;Asosa
825;3363;1046;Addis Adeba;Addis Ab?ba
826;3368;4665;Goba;Goba
827;3375;1054;Gode;Kelafo
828;3365;1051;Harer;Harar
829;3362;1045;Jimma;Jimma
830;3379;4664;Arba Minch;Mooyalee
831;3369;4666;Awasa;Adaamaa
832;3381;1035;Hargeisa;Hargaysa
833;3382;1037;Djibouti;Gibuti
834;3402;4694;Gardo;Baargaal
835;3394;2916;Galkacyo;Gaalkacyo
836;3390;1056;Mogadishu;Muqdisho
837;3389;1055;Baidoa;Baydhabo
838;3391;1058;Kismayo;Kismaayo
839;3411;2810;Garissa;Garissa
840;3392;1815;Suqutra;Hadibu
841;3409;1060;Nairobi;Nairobi
842;3410;1061;Mombasa;Mombasa
843;3408;1059;Nakuru;Nakuru
844;3427;1064;Kampala;Kampala
845;3429;2284;Gulu;Gulu
846;3426;1063;Kigali;Kigali
847;3428;2283;Usumbura;Usumbura
848;3438;1062;Mwanza;Mwanza
849;3439;1139;Mbeya;Mbeya
850;3440;1140;Dar es Salaam;Dar es Salaam
851;3449;4741;Tabora;Tabora
852;3442;2538;Zanzibar;Zanzibar
853;3457;1138;Porto Amelia;Porto Am?lia
854;3456;1133;Nampula;Nampula
855;3465;1122;Lourenco Marques;Louren?o Marques
856;3466;1123;Maxixe;Maxixe
857;3467;1130;Beira;Beira
858;3468;1131;Ulongue;Muchena
859;3725;1099;Livingstone;Livingstone
860;3726;1104;Kalabo;Sioma
861;3729;1128;Kasama;Kasama
862;3735;4951;Chingola;Solwezi
863;3728;1129;Lusaka;Lusaka
864;3525;1132;Blantyre;Blantyre
865;3523;4835;Chipata;Kabongo
866;3744;1124;Bulawayo;Bulawayo
867;3745;1125;Salisbury;Salisbury
868;3748;4982;Wankie;Wankie
869;3754;1111;Francistown;Francistown
870;3755;1112;Gaberones;Gaberones
871;3753;1105;Maun;Maun
872;3780;1118;Durban;Durban
873;3781;1119;Pretoria;Pretoria
874;3778;975;Maseru;Maseru
875;3779;1114;Bloemfontein;Bloemfontein
876;3782;1120;Johannesburg;Johannesburg
877;3783;1820;Mbabane;EMbabane
878;3808;1113;Kimberley;Kimberley
879;3809;1115;De Aar;De Aar
880;3810;1116;Cape Town;Cape Town
881;3811;1117;Port Elizabeth;Port Elizabeth
882;3769;2798;Swakopmund;Swakompmund
883;3765;1109;Luderitz;L?deritz
884;3766;1110;Windhoek;Windhoek
885;3762;1106;Katima Mulilo;Katima Mulilo
886;3764;5058;Tsumeb;Tsumeb
887;3529;2794;Luena;Vila Luso
888;3544;1103;Lubango;Sa da Bandeira
889;4781;889;Balboa;Balboa
890;3526;1097;Henrique de Carvalho;Henrique de Carvalho
891;3536;5080;Menongue;Cuangar
892;3542;1101;Lobito;Lobito
893;3539;1094;Cabinda;Cabinda
894;3504;2751;Matadi;Matadi
895;3540;1096;Luanda;Luanda
896;3552;1148;Saint Helena;Jamestown - Saint Helena
897;3500;1127;Kolwezi;Kolwezi
898;3503;1144;Elisabethville;?lisabethville
899;3499;1098;Leopoldville;L?opoldville
900;3036;900;Suez;as-Suways
901;3501;1142;Kikwit;Kikwit
902;3506;2754;Luluabourg;Luluabourg
903;3496;4877;Aba;Aba
904;3476;1071;Stanleyville;Stanleyville
905;3478;1073;Costermansville;Costermansville
906;3479;1074;Coquilhatville;Coquilhatville
907;3554;1075;Brazzaville;Brazzaville
908;3555;1076;Ouesso;Ou?sso
909;3579;2764;Yaounde;Yaound?
910;3576;1088;Bertoua;Bertoua
911;3577;1089;Douala;Douala
912;3556;1090;Sao Tome;S?o Tom?
913;3557;1091;Bata;Bata
914;3558;1092;Franceville;Franceville
915;3559;1093;Libreville;Libreville
916;3560;2339;Malabo;Malabo
917;3564;2750;Pointe-Noire;Pointe-Noire
918;3569;4892;Port Gentil;Port-Gentil
919;3299;4763;Bouar;Bouar
920;3277;1080;Fort Lamy;Fort-Lamy
921;3281;2787;Abeche;Abeche
922;3292;4597;Faya;Fada
923;3297;1070;Bambari;Bambari
924;3283;1079;Moundou;Moundou
925;3574;1086;Maroua;Maroua
926;3276;1078;Bangui;Bangui
927;3301;7330;Ouadda;Ouadda
928;3575;1087;N'Gaoundere;Ngaound?r?
929;3584;1008;Lagos;Lagos
930;3585;1011;Port Harcourt;Port Harcourt
931;3586;1012;Katsina-Ala;Katsina-Ala
932;3587;1085;Ibadan;Ibadan
933;3578;1126;Buea;Bu?a
934;3590;2766;Oshogbo;Ogbomosho
935;3589;2765;Benin City;Benin City
936;3593;4790;Yola;Yola
937;3602;999;Sokoto;Sokoto
938;3606;1145;Maiduguri;Maiduguri
939;3603;1007;Kaduna;Kaduna
940;3604;1009;Kano;Kano
941;3605;1010;Abuja;Abuja
942;3260;998;Say;Say
943;3261;1083;Zinder;Zinder
944;3262;1084;Niamey;Niamey
945;3634;4564;Tenkodogo;Tenkodogo
946;3264;2786;Agadez;Agadez
947;3267;4570;Tahoua;Tahoua
948;3622;1004;Kara;Sokode
949;3623;1005;Natitingou;Natitingou
950;3621;1003;Lome;Lom?
951;3624;1006;Cotonou;Cotonou
952;3643;1000;Tamale;Tamale
953;3647;2782;Wa;Wa
954;3646;2763;Kumasi;Kumasi
955;3644;1001;Ho;Ho
956;3645;1002;Accra;Accra
957;3633;997;Ouagadougou;Ouagadougou
958;3259;4449;Tougan;Dioura
959;3632;996;Bobo-Dioulasso;Bobo-Dioulasso
960;3658;995;Yamoussoukro;Yamoussoukro
961;3662;2823;Bouake;Bouake
962;3657;993;Abidjan;Abidjan
963;3685;983;Bissau;Bissau
964;3687;988;Freetown;Freetown
965;3688;990;Labe;Lab?
966;3686;987;Conakry;Conakry
967;3689;991;Kankan;Kankan
968;3661;2822;Korhogo;Korhogo
969;3690;992;Monrovia;Monrovia
970;3660;2646;San Pedro;San Pedro
971;3673;980;Nioro du Sahel;Nioro du Sahel
972;3675;986;Segou;S?gou
973;3672;979;Sikasso;Sikasso
974;3671;978;Mopti;Mopti
975;3674;985;Kayes;Kayes
976;3676;994;Bamako;Bamako
977;3709;2761;Tambacounda;Tambacounda
978;3706;981;Dakar;Dakar
979;3716;4463;Banjul;Albreda
980;3708;984;Ziguinchor;Ziguinchor
981;3228;973;Nouakchott;Nawaksut
982;3229;974;Kiffa;Kifa
983;3710;4456;Saint-Louis;Saint-Louis
984;3247;976;Gao;Gao
985;3248;977;Tombouctou;Tombouctou
986;3235;4421;Atar;Atar
987;3210;971;El Aiun;al-'Uyun
988;3211;972;Villa Cisneros;al-Dakhila
989;3212;1034;Villa Bens;Tarfaya
990;3221;963;Las Palmas de Gran Canaria;Las Palmas de Gran Canaria
991;3222;964;Santa Cruz de Tenerife;Santa Cruz de Tenerife
992;3717;1146;Cape Verde;Praia
993;3718;1147;Ascension Island;Georgetown - Ascension
994;327;1036;Madeira;Funchal
995;331;7258;The Azores;Santa Cruz das Flores
996;3835;1135;Saint Denis de la Reunion;Saint Denis de la R?union
997;3836;1136;Port Louis;Port Louis
998;3838;1816;Port Victoria;Port Victoria
999;3839;2021;Muruni;Muruni
1000;3840;2024;Mamoudzou;Mamoudzou
1001;3834;1134;Tananarive;Tananarive
1002;3850;4909;Tamatave;Antsohihy
1003;3845;4903;Fort Dauphin;Fort-Dauphin
1004;3030;1800;El Arish;al-'Aris
1005;3031;1801;Sharm el Sheikh;Sarmu s-Sayh
1006;3032;2899;Al Qantarah;al-Qantara
1007;3034;4605;Bur Tawfiq;at-Tur
1008;3022;1798;Tel Aviv;Tall Abib
1009;3023;1799;Gaza;Gazza
1010;3027;7285;Eilat;Ein Hasb'
1011;3019;404;Haifa;Hayfa
1012;0;;free;
1013;3024;1881;Akko;an-Nasira
1014;2879;2885;Deir ez Zor;Dair az-Zur
1015;2876;2019;El Qamisli;al-Qamisli
1016;2869;1792;Damascus;Dimasq
1017;2875;1863;Homs;Hims
1018;2892;7356;Trablos;Tartus
1019;2871;1794;Beirut;Bairut
1020;2872;1795;Golan;al-Qunaitira
1021;2874;1862;Aleppo;Halab
1022;3014;1796;Amman; 'Amman 
1023;2877;2883;Irbid;as-Suwayda'
1024;3013;407;As Zarqa;Azraq
1025;3015;1802;Ma'an;Ma'an
1026;3016;1803;Al Kerak;Madaba
1027;2897;710;Arbil;Arbil
1028;2902;1824;Al Amarah;al-'Amarah
1029;2907;2496;Mosul;al-Mausil
1030;2899;1791;Karbala;al-Karbala'
1031;2900;1806;An Najaf;an-Najaf
1032;2901;1823;Basrah;al-Basrah
1033;2913;4158;El Hillah;Rawa
1034;2905;1865;Baghdad;Bagdad
1035;2906;1866;Kut;al-Kut
1036;2903;1860;Kirkuk;Kirkuk
1037;2898;1790;An Nasiriyyah;an-Nasiriyyah
1038;2924;700;Doha;ad-Dauha
1039;2930;2853;Abu Dhabi;Dubayy
1040;2931;4184;Dammam;ad-Dammam
1041;2927;1822;Kuwait;Madinat al-Kuwait
1042;0;;Georgian Bay;
1043;2929;2460;Khasab;al-Hasab
1044;2941;1805;Hayel;Ha'il
1045;2942;1807;Riyadh;ar-Riyad
1046;2943;1808;Al-Jawf;al-Jawf
1047;2926;1821;El Hofuf;al-Hofuf
1048;2986;1804;Medina;al-Madinah al-Munawwarah
1049;2987;1809;Mecca;Makkah al-Mukarramah
1050;3005;4235;Sanaa;Sa'da
1051;2959;1814;El Mukalla;al-Mukalla
1052;2960;1819;Masqat;Masqat
1053;2958;1813;Aden;Adan
1054;2862;1159;Antakya;Antakya
1055;2861;445;Adana;Adana
1056;2863;1855;Gaziantep;Gaziantep
1057;2859;438;Antalya;Antalya
1058;2868;7063;Tarsus;Silifke
1059;2830;2879;Sivas;Sivas
1060;2798;1854;Diyarbakir;Diyarbakir
1061;2833;2882;Malatya;Malatya
1062;2795;1851;Hakkari;Hakkari
1063;2796;1852;Erzurum;Erzurum
1064;2797;1853;Elazig;Elazig
1065;2811;441;Karabuk;Karab?k
1066;1027;449;Samsun;Samsun
1067;2812;450;Trabzon;Trabzon
1068;2818;4135;Zonguldak;D?zce
1069;1509;3587;Tayshet;Tajset
1070;1515;3593;Kachug;Huzir
1071;2857;1158;Eskisehir;Eskisehir
1072;2825;447;Kirikkale;Kirikkale
1073;2831;2880;Kayseri;Kayseri
1074;2824;442;Konya;Konya
1075;2826;448;Ankara;Ankara
1076;2849;439;Izmit;Izmit
1077;2850;2611;Smyrna;Izmir
1078;2853;408;Bursa;Bursa
1079;2823;437;Denizli;Denizli
1080;2771;1503;Sari;Sari
1081;2772;1787;Rast;Rasht
1082;2773;1788;Rezaiye;Rezaiyeh
1083;2776;1859;Tabriz;Tabriz
1084;2774;1789;Kermanshah;Kermanshah
1085;2770;1502;Teheran;Tehran
1086;2754;1501;Esfahan;Esfahan
1087;2775;1825;Hamadan;Hamadan
1088;2755;1826;Shiraz;Siraz
1089;2752;1498;Ahvaz;Ahvaz
1090;2753;1499;Busehr;Busehr
1091;2751;1497;Gameroon;Gameroon
1092;2737;1500;Mashhad;Mashhad
1093;2735;1495;Zahedan;Zahedan
1094;2736;1496;Kerman;Kerman
1095;2749;4233;Birjand;Birjand
1096;0;3006;Lake Superior;Lake Superior
1097;2639;1490;Ashkhabad;Asgabat
1098;2640;1491;Merv;Merw
1099;2627;1488;Samarkand;Samarqand
1100;2633;3476;Bukhara;Tamdy
1101;2629;1584;Zheleznodorozhny;Zeleznodoroznyj
1102;2630;1585;Nukus;Nukus
1103;2626;1427;Tashkent;Toshkent
1104;2611;1487;Khorugh;Horug
1105;2610;1485;Dushanbe;Stalinabad
1106;2617;1428;Osh;Os
1107;2618;1429;Frunze;Frunze
1108;2688;6959;Dzhambul;Sozaq
1109;2677;1426;Chimkent;Chimkent
1110;2679;1587;Kzyl-Orda;Qyzylorda
1111;2703;3516;Fyodorovka;Ulytau
1112;2685;6956;Novokazalinsk;Agirma
1113;2728;6992;Uralsk;Lbishchensk
1114;2727;6991;Aktyubinsk;Algha
1115;2694;1578;Kustanay;Qostanay
1116;2695;1580;Derzhavinsk;Derzhavinsk
1117;2718;1579;Chelkar;Shalqar
1118;2732;6996;Fort Alexandrovsky;Kabakhty
1119;1741;1418;Kyzyl;Kyzyl
1120;1755;3769;Choibalsan;?nd?rkhaan
1121;1744;1434;Bayankhongor;Bayankhongor
1122;1745;1438;Arvaikheer;Arvaikheer
1123;1743;1420;Olgii;?lgii
1124;1740;1404;Ulaanbaatar;Ulaanbaatar
1125;1742;1419;Muren;M?r?n
1126;1390;3680;Kungur;Kungur
1127;1426;3693;Pervouralsk;Pervoural'sk
1128;1424;3691;Nizhny Tagil;Niznij Tagil
1129;1063;1548;Vorkuta;Vorkuta
1130;1309;1574;Berezniki;Berezniki
1131;1396;1570;Ufa;Ufa
1132;1413;1567;Chelyabinsk;Celjabinsk
1133;1399;3667;Orsk;Orsk
1134;1398;1828;Orenburg;Orenburg
1135;1441;1593;Tobolsk;Tobol'sk
1136;1440;1573;Tyumen;Tjumen'
1137;1419;1572;Kurgan;Kurgan
1138;1453;1552;Omsk;Omsk
1139;2700;3513;Tara;Petropavl
1140;1460;1540;Barnaul;Barnaul
1141;1480;3653;Barabinsk;Barabinsk
1142;1462;1543;Novosibirsk;Novosibirsk
1143;1463;1544;Biysk;Bijsk
1144;1464;1545;Kemerovo;Kemerovo
1145;1465;1546;Kuznetsk;Stalinsk
1146;1466;1559;Oyrot-Tura;Ojrot-Tura
1147;1467;1561;Abakan;Abakan
1148;1431;1539;Tomsk;Tomsk
1149;1433;3664;Asino;Asino
1150;1439;1558;Ostyako-Vogulsk;Ostjako-Vogul'sk
1151;1423;1575;Sverdlovsk;Sverdlovsk
1152;1436;1547;Salekhard;Salehard
1153;1437;1549;Uray;Uraj
1154;1438;1557;Surgut;Surgut
1155;1549;1383;Norilsk;Njurba
1156;1488;1562;Krasnoyarsk;Krasnojarsk
1157;1486;1538;Kansk;Kansk
1158;1487;1560;Minusinsk;Minusinsk
1159;0;;free;
1160;0;;Lake Peipsi;
1161;1532;3581;Kalakan;Taksimo
1162;1501;1414;Irkutsk;Irkutsk
1163;1502;1415;Bodaybo;Bodajbo
1164;1503;1416;Ust-Kut;Ust'-Kut
1165;1504;1417;Bratsk;Bratsk
1166;1514;3592;Cheremkhovo;Ust'-Ordynskij
1167;1518;1413;Ulan-Ude;Ulan-Ude
1168;1539;3543;Borzya;Tyndinskij
1169;1519;1520;Chita;Cita
1170;1538;3542;Never;Ruhlovo
1171;1544;3548;Ekimchan;Ekimcan
1172;3021;1797;Jerusalem;al-Quds
1173;0;;Lake;
1174;1537;1526;Kuybyshevka-Vostochnaya;Kujbysevka-Vostocnaja
1175;1565;1528;Birobidzhan;Birobidzan
1176;1536;1525;Blagoveshchensk;Blagovescensk
1177;1549;1383;Nyurba;Njurba
1178;1550;1521;Nezametny;Nezametnyj
1179;1551;1522;Yakutsk;Jakutsk
1180;1552;1524;Verkhoyansk;Verhojansk
1181;1581;1167;Magadan;Magadan
1182;1582;1170;Anadyr;Novo-Mariinsk
1183;1588;1171;Palana;Palana
1184;1589;1172;Petropavlovsk;Petropavlovsk-Kamcatskij
1185;1561;1368;Gavan;Sovetskaja Gavan'
1186;1563;1411;Okhotsk;Ohotsk
1187;1564;1527;Sofiysk;Komsomol'sk-na-Amure
1188;1566;1529;Elban;El'ban
1189;1562;1410;Nikolayevsk-on-Amur;Nikolaevsk-na-Amure
1190;1560;1366;Khabarovsk;Habarovsk
1191;1600;1372;Vladivostok;Vladivostok
1192;1598;1370;Semyonovka;Sem?novka
1193;1599;1371;Nakhodka;Nahodka
1194;1595;1175;Lesozavodsk;Lesozavodsk
1195;1596;1367;Tetyukhe;Tetjuhe
1196;1597;1369;Nikolsk-Ussuriysky;Vorosilov
1197;1661;5672;Hegang;Bei'an
1198;1654;5664;Butehaqi;Buxi
1199;1667;1379;Harbin;Ha'erbin
1200;1642;1381;Huma;Huma
1201;1652;5662;Heihe;Eerhe
1202;1663;1374;Jiamusi;Jiamusi
1203;1656;2486;Qiqihaer;Qiqihaer
1204;1659;5670;Jixi;Sunwu
1205;1666;1378;Mudanjiang;Mudanjiang
1206;1643;1382;Haila'er;Hailaer
1207;1668;1390;Jilin;Jilin
1208;1669;2241;Changchun;Changchun
1209;1736;5630;Wulanhaote;Wulanhalagemiao
1210;1702;2337;Tongliyao Hot;Tongliao
1211;1716;7911;Hunjiang;Hunjiang
1212;1665;1377;Yanji;Yeongil
1213;1667;1379;Baicheng;Ha'erbin
1214;1708;2340;Shenyang;Shenyang
1215;1707;2345;Fushun;Fushun
1216;1709;2347;Jinzhou;Jinzhou
1217;1710;2349;Anshan;Yingkou
1218;1722;3755;Panjin;Jianping
1219;1711;3090;Port Arthur;L?shunkou
1220;1697;1394;Dandong;Andong
1221;1606;1201;Pyeongyang;Pyeongyang
1222;1612;2236;Sariwon;Sariwon
1223;1605;1200;Wonsan;Wonsan
1224;1610;1393;Sinuiju;Sineuiju
1225;1607;1376;Cheongjin;Cheongjin
1226;1608;1391;Ganggye;Kanggye
1227;1609;1392;Hamheung;Hamheung
1228;1627;1199;Seoul;Seoul
1229;1629;2226;Daejeon;Daejeon
1230;1623;1195;Gwangju;Gwangju
1231;1624;1196;Daegu;Daegu
1232;1625;1197;Busan;Busan
1233;1626;1198;Chuncheon;Chuncheon
1234;5615;1672;Buna;Buna
1235;1721;2348;Fuxin;Fuxin
1236;1718;1397;Chengde;Chengde
1237;1726;5636;Ulayanqada;Linxi
1238;1770;1207;Huhehaote;Guisui
1239;1774;1398;Jining;Jining
1240;1738;5632;Sili-yin Qota;Xiongwangfu
1241;1784;1204;Tianjin;Tianjin
1242;1787;1211;Shijazhuang;Shimen
1243;1786;1210;Baoding;Renqiu
1244;1822;5639;Changzhou;Guangrao
1245;1792;2527;Tangshan;Tangshan
1246;1732;5626;Zhangyuan;Zhangyuan
1247;1785;1205;Beijing;Beiping
1248;1799;2517;Changzhi;Changzhi
1249;1805;5566;Yangquan;Liaoxian
1250;1800;2518;Lingqiu;Pingding
1251;1796;1209;Datong;Datong
1252;1797;1225;Taiyuan;Taiyuan
1253;1798;1226;Linfen;Linfen
1254;1803;5564;Hequ;Fangshan
1255;2021;1275;Pingliang;Pingliang
1256;1867;2507;Baoji;Baoji
1257;1872;5573;Tongguan;Shangxian
1258;1861;1267;Xi'an;Xi'an
1259;1864;1270;Yan'an;Yan'an
1260;1865;1271;Yulin;Shenmu
1261;1238;1841;Longnan;Kostroma
1262;2047;5530;Linxia;Xunhua
1263;2023;1277;Tianshoui;Tianshui
1264;2022;1276;Lanzhou;Lanzhou
1265;2024;1440;Zhangye;Zhangye
1266;2025;1441;Yumen;Yumen
1267;1866;2505;Ankang;Ankang
1268;1782;2504;Yinchuan;Yinchuan
1269;1770;1207;Uqai;Guisui
1270;1773;1273;Linhe;Linhe
1271;1781;1274;Wuzhong;Zhongning
1272;1764;5477;Bayan Hot;Bayangovi
1273;2058;1421;Aletai;Altay
1274;2085;5488;Qarqan;Nur
1275;2064;1446;Aqsu;Aqsu
1276;2069;3741;Karamay;Qaramay
1277;2062;1435;Qumul;Qumul
1278;2078;5481;Sumdo;Toskjrgon
1279;2059;1431;Kashgar;Qeshqer
1280;2070;3742;Ghulja;Sh?ueshek
1281;2061;1433;Urumqi;Dihua
1282;2065;1447;Hotan;Xoten
1283;2041;1442;Ge'ermu;Na-gor-mo
1284;2042;1443;Xining;Xining
1285;2043;1444;Yushu;Yushu
1286;2112;5513;Senge Khabab;Senggegtsangpo
1287;2110;5511;Gertse;Sgerrtse
1288;2115;5516;Shigatse;Lhartse
1289;2102;1452;Lhasa;Lhasa
1290;2122;1406;Riwoche;Riwoqe
1291;2126;1903;Xichang;Xichang
1292;2119;1281;Ya'an;Ya'an
1293;1998;5601;Panzhihua;Yongsheng
1294;1997;5600;Chamdo;Lijiang
1295;2123;1453;Nyingchi;Lhabagar
1296;2014;5587;Guanxian;Xingzhong
1297;2006;1360;Chengdu;Chengdu
1298;2007;1361;Luzhou;Luxian
1299;2009;2551;Chongqing;Ch?ngqing
1300;2016;5590;Yibin;Yibin
1301;1969;5614;Fuling;Dayong
1302;2003;1265;Wanxian;Wanxian
1303;1973;1363;Anshun;Anshun
1304;1972;1262;Zunyi;Zunyi
1305;1958;1364;Guiyang;Guiyang
1306;1975;1365;Kaili;Zhenyuan
1307;1979;2311;Huaihua;T?ngren
1308;1969;1921;Changsha;Changsha
1309;1959;1255;Xiangtan;Xiangtan
1310;1963;1260;Changde;Changde
1311;1960;1256;Chenzhou;Leiyang
1312;1962;1259;Hengyang;Hengyang
1313;1880;1910;Shashi;Honghu
1314;1885;2502;Shiyan;Suixian
1315;1884;1997;Yichang;Yichang
1316;1879;1266;Suizhou;Xiangyang
1317;1876;1232;Wuhan;Hankou
1318;1877;1253;Huangshi;Xianning
1319;1854;2515;Kaifeng;Kaifeng
1320;1859;5562;Xuchang;Xuchang
1321;1855;2516;Xinxiang;Xinxiang
1322;1848;1227;Luoyang;Luoyang
1323;1847;1224;Anyang;Anyang
1324;1849;1228;Zhengzhou;Zhengxian
1325;1850;1229;Nanyang;Nanyang
1326;1851;1230;Xinyang;Xinyang
1327;1811;2522;Heze;Heze
1328;1813;2529;Qingdao;Qingdao
1329;1814;2530;Weifang;Weixian
1330;1816;2533;Jinan;Jinan
1331;1808;1214;Yantai;Yantai
1332;1824;5641;Zaozhuang;Rizhao
1333;1834;5643;Huaiyin;Huai'an
1334;1826;1219;Nantong;Nantong
1335;1831;1966;Yancheng;Yancheng
1336;1827;1220;Xuzhou;Xuzhou
1337;1828;1235;Nanjing;Nanjing
1338;1830;1237;Shanghai;Shanghai
1339;1835;1218;Suzhou;Suxian
1340;1836;1221;Hefei;Hefei
1341;1837;1222;Fuyang;Fuyang
1342;1839;1234;Xuanzhou;Xuancheng
1343;1832;2556;Huainan;Jiangdu
1344;1894;2567;Anqing;Fuliang
1345;1899;1238;Hangzhou;Hangzhou
1346;1900;1239;Ningbo;Ningbo
1347;1901;1240;Wenzhou;Yongjia
1348;1902;1241;Jinhua;Jinhua
1349;1893;1941;Xingan;Nancheng
1350;1843;2573;Jingdezhen;Xiuning
1351;1887;1242;Shangrao;Shangrao
1352;1896;2569;Nanchang;Nanchang
1353;1890;1252;Jiujiang;Jiujiang
1354;1888;1250;Ganzhou;Ganzhou
1355;1891;1254;Ji'an;Ji'an
1356;1914;1936;Zhangzhou;Longxi
1357;1909;1243;Nanping;Nanping
1358;1910;1244;Fuzhou;Fuzhou
1359;1912;1246;Sanming;Yongan
1360;1913;1247;Xiamen;Xiamen
1361;1921;1322;Gaoxiong;Gaoxiong
1362;1922;1323;Taipei;Taibei
1363;1924;1923;Taizhong;Taizhong
1364;1923;1324;Hualian;Hualian
1365;1941;1321;Haikou;Qiongshan
1366;0;;Lake;
1367;1940;1320;Maoming;Haikang
1368;1943;1880;Shaoguan;Qujiang
1369;1934;1313;Guangzhou;Guangzhou
1370;1945;5608;Lufeng;Shanwei
1371;1936;1315;Hong Kong;Hong Kong
1372;1937;1316;Macao;Macao
1373;1938;1317;Jiangmen;Jiangmen
1374;1942;1325;Pingxiang;Qinzhou
1375;1931;1248;Shantou;Shantou
1376;1950;695;Debao;Jingxi
1377;1951;720;Yulin;Yulin
1378;1948;559;Guilin;Guilin
1379;1956;1319;Nanning;Nanning
1380;1952;1258;Liuzhou;Liuzhou
1381;1953;1309;Bose;Baise
1382;1954;1310;Hechi;Hechi
1383;1955;1311;Wuzhou;Wuzhou
1384;1987;1905;Luxi;Tengchong
1385;1988;1918;Dali;Dali
1386;1989;1928;Pu'er;Simao
1387;1990;1978;Jinghong;Lancang
1388;1991;1983;Gejiu;Mengzi
1389;1982;1294;Baoshan;Baoshan
1390;1983;1307;Kunming;Kunming
1391;2156;1589;Muang Xaignabouli;Sainyabuli
1392;2143;1326;Hai Phong;Hai Phong
1393;2144;1328;Hoa Binh;Hoa Binh
1394;2168;3119;Pakxe;Pakxan
1395;2147;1333;Hanoi;Ha Noi
1396;2148;1334;Dong Hoi;Dong Hoi
1397;2149;1335;Da Nang;Da Nang
1398;2169;3120;Lumphat;Kracheh
1399;2151;1337;Saigon;Sai Gon
1400;2153;1339;Phnom Penh;Phnum Penh
1401;2154;1340;Siem Reap;Siemreab
1402;2211;3131;Battambang;Surin
1403;2152;1338;Can Tho;Can Tho
1404;2142;1306;Muang Xay;Muang Xay
1405;2145;1329;Vientiane;Viang Chan
1406;2251;1291;Haka;Ha:hka:
1407;2252;1292;Indaw;Mumrwa
1408;2253;1295;Myitkyina;Mrackri:na:
1409;2254;1296;Lashio;Lahri:
1410;2264;5188;Mandalay;Mik Thi La
1411;2247;5192;Pakokdu;Sarak
1412;2256;1304;Taunggyi;Taungkri:
1413;2257;1305;Kengtung;Kyuing: Tum
1414;2258;1898;Putao;Putao
1415;2241;1299;Rangoon;Rankun
1416;2243;1302;Moulmein;Maula.mruing
1417;2242;1301;Pegu;Pai:khu:
1418;2244;1346;Tavoy;Hta:wai
1419;2240;1298;Bassein;Pu.sim
1420;2245;1297;Akyab;Akyab
1421;2200;1342;Port Blair;Chonburi
1422;2155;1341;Chon Buri;Batdambong
1423;2201;1343;Bangkok;Krung Thep
1424;2209;1345;Nakhon Sawan;Nakhon Sawan
1425;2197;1303;Chiang Mai;Chiang Mai
1426;2198;1330;Phitsanulok;Phitsanulok
1427;2199;1331;Khon Kaen;Khon Kaen
1428;2202;1344;Phetchabun;Phetchabun
1429;2220;1347;Prachuap Khiri Khan;Prachuap Khiri Khan
1430;2224;7018;Surat Thani;Surat Thani
1431;2219;1289;Songhla;Songhla
1432;2229;1353;Singapore;Singapura
1433;2230;1553;Kota Bahru;Kota Bharu
1434;2231;1554;Alor Setar;Alor Setar
1435;2225;1349;Ipoh;Ipoh
1436;2226;1350;Kuantan;Kuantan
1437;2227;1351;Johor Bahru;Johor Bahru
1438;2228;1352;Kuala Lumpur;Kuala Lumpur
1439;2270;1284;Gauhati;Guwahati
1440;2273;2104;Aijal;Aijal
1441;2274;2592;Dibrugarh;Dibrugarh
1442;2271;1287;Imphal;Imphal
1443;2272;1454;Dhubri;Dhubri
1444;2282;1285;Khulna;Khulna
1445;2283;1286;Dhaka;Dhaka
1446;2285;1456;Siliguri;Siliguri
1447;2286;1457;Calcutta;Kalkata
1448;2287;1519;Kharagpur;Kharagpur
1449;2288;1590;Rajshahi;Rajsahi
1450;2284;1288;Cattagram;Chottogram
1451;2315;685;Dehradun;Deharadun
1452;2302;2043;Gangtok;Gangtok
1453;2498;736;Dharmasala;Dharmsala
1454;2497;687;Simla;Simla
1455;2125;1878;Itanagar;Itanagar
1456;2300;1455;Punakha;Punakha
1457;2301;1473;Kathmandu;Kathmandau
1458;2124;1877;Mipi;Anini
1459;2499;1469;Delhi;Delhi
1460;2317;1470;Merath;Merath
1461;2318;1471;Lucknow;Lakhnau
1462;2319;1472;Muzaffarpur;Muzaffarpur
1463;2485;5235;Chandigarh;Hanumangarh
1464;2321;2092;Bareli;Bareli
1465;2322;2094;Patna;Patna
1466;2323;2133;Arrah;Arrah
1467;2324;2199;Gorakhpur;Gorakhpur
1468;2314;599;Cawnpore;Kanpur
1469;2351;635;Raigarh;Raigarh
1470;2377;791;Balangir;Balangir
1471;2378;1458;Bhubanesbar;Bhubanesbara
1472;2320;1701;Jamshedpur;Jamsedpur
1473;2379;2091;Kataka;Kataka
1474;2380;2124;Jeypore;Jeypore
1475;2368;5284;Bastar;Kutru
1476;2316;1459;Ranchi;Raci
1477;2357;1461;Raipur;Raypur
1478;2352;669;Burhanpur;Burhanpur
1479;2353;714;Jubbulpore;Jabalpur
1480;2354;722;Bhopal;Bhopal
1481;2350;631;Indhur;Indaur
1482;2434;1462;Amaravati;Amravati
1483;2356;1460;Rewa;Riva
1484;2358;1463;Chhindwara;Chhindwara
1485;2355;785;Nagpur;Nagpur
1486;2428;697;Aurangabad;Aurangabad
1487;2435;1507;Hyderabad;Haidarabad
1488;2430;729;Warangal;Warangal
1489;2437;769;Nizamabad;Nizamabad
1490;2429;702;Raichur;Rayachuru
1491;2432;771;Nalgonda;Nalgonda
1492;2433;781;Adilabad;Adilabad
1493;2392;1508;Vizagapatam;Visakhapatnam
1494;2393;1509;Nellore;Nelluru
1495;2397;1514;Trivandrum;Trivandrum
1496;2400;1695;Gunturu;Gunturu
1497;2401;1758;Cochin;Cochin
1498;2402;2099;Bezawada;Vijayawada
1499;2403;2106;Trichinopoly;Tiruccirappalli
1500;2399;1694;Madras;Metras
1501;2394;1510;Anantapur;Anantapur
1502;2395;1511;Bangalore;Bengaluru
1503;2396;1513;Mangalore;Mangaluru
1504;2410;5299;Madurai;Iramanatapuram
1505;2388;773;Coimbatore;Koyamputtur
1506;2389;774;Salem;Celam
1507;2390;775;Mysore;Maisuru
1508;2441;703;Solapur;Solapur
1509;2427;5176;Jaffna;Jaffna
1510;2423;1516;Kandy;Maha Nuvara
1511;2424;1517;Colombo;Colombo
1512;2444;1506;Kolhapur;Kolhapur
1513;2445;1512;Panjim;Panaje
1514;2446;1699;Nasik;Nasik
1515;2447;2175;Hubli;Hubballi
1516;2442;726;Poona;Pune
1517;2443;1505;Bombay;Bombay
1518;2462;1466;Ahmedabad;Amdavad
1519;2458;593;Mandvi;Bhuj
1520;2459;597;Surat;Surat
1521;2460;1464;Baroda;Baroda
1522;2461;1465;Rajkot;Rajkot
1523;2359;1467;Gwalior;Gvaliyar
1524;2479;1468;Jaypur;Jaypur
1525;2481;1479;Jodhpur;Jodhpur
1526;2482;1721;Udaypur;Udaypur
1527;2480;1478;Bikaner;Bikaner
1528;2478;611;Kotah;Kota
1529;2554;1494;Quetta;Quetta
1530;2500;1475;Lahore;Lahaur
1531;2501;1476;Ludhiana;Ludhiana
1532;2558;2834;Nawabshah;Nawabshah
1533;2553;1481;Karachi;Karaci
1534;2532;2831;Rawalpindi;Rawalpindi
1535;2506;1705;Amritsar;Amrita Saras
1536;2505;1592;Bahawalnagar;Bahawalnagar
1537;2504;1483;Peshawar;Peshawar
1538;2555;2824;Gwadar;Gwadar
1539;2538;1731;Muzaffarabad;Muzaffarabad
1540;2536;1474;Srinagar;Srinagar
1541;5357;1523;Okha;Oha
1542;5355;1176;Toyohara;Tojohara
1543;5256;1177;Shana;Shana
1544;5368;1178;Kushiro;Kushiro-shi
1545;5369;1179;Sapporo;Sapporo-shi
1546;5379;1399;Shizuoka;Hamamatsu-shi
1547;5380;1436;Akita;Akita-shi
1548;5381;1437;Nagano;Nagano-shi
1549;5375;1180;Sendai;Sendai-shi
1550;5377;1182;Yokohama;Yokohama-shi
1551;5376;1181;Niigata;Niigata-shi
1552;5378;1184;Tokyo;Tokyo-shi
1553;5398;1187;Osaka;Osaka-shi
1554;5399;1188;Hiroshima;Hiroshima-shi
1555;5394;1174;Kobe;Kobe-shi
1556;5395;1183;Kanazawa;Kanazawa-shi
1557;5396;1185;Nagoya;Nagoya-shi
1558;5397;1186;Kyoto;Kyoto-shi
1559;5409;1189;Matsuyama;Matsuyama-shi
1560;5410;1190;Nagasaki;Fukuoka-shi
1561;5411;1191;Kagoshima;Kagoshima-shi
1562;5419;1192;Amami;Naze-shi
1563;5420;1193;Southern Okinawa;Naha-shi
1564;5422;3087;Northern Okinawa;Nago-shi
1565;5424;1737;Manila;Maynila
1566;5431;5727;Cabanatuan;Lucena
1567;5427;1740;Baguio;Baguio
1568;5432;1742;Legazpi;Legazpi
1569;5425;1738;Olongapo;Olongapo
1570;5428;1741;Tuguegarao;Tuguegarao
1571;5455;1736;Mindoro;Calapan
1572;5454;1735;Palawan;Puerto Princesa
1573;5439;1745;Leyte;Tacloban
1574;5443;5723;Cebu;Bacolod
1575;5438;1744;Samar;Calbayog
1576;5440;1746;Panay;Iloilo
1577;5444;1743;Jolo;Sug
1578;5446;1749;Cagayan de Oro;Cagayan de Oro
1579;5447;1750;Davao;Davao
1580;5445;1748;Zamboanga;Zamboanga
1581;5656;1688;Efate;Port Vila
1582;5657;1689;Espiritu Santo;Luganville
1583;5658;1690;Malekula;Lakatoro
1584;5662;1687;Tanna;Isangel
1585;5663;1691;Ouvea;We
1586;5664;1692;Nouvelle-Caledonie;Noumea
1587;5651;5865;Bougainville;Buka
1588;5644;1614;Santa Isabel;Buala
1589;5647;1683;New Georgia;Gizo
1590;5645;1622;Lunga;Tulagi
1591;5648;1684;Malaita;Faunikari
1592;5649;1685;Nendo;Lata
1593;5650;3132;Guadalcanal;Naho
1594;5610;2111;Wamena;Wamena
1595;5613;5842;Ansoes;Serui
1596;5609;1665;Hollandia;Hollandia
1597;5603;1674;Merauke;Merauke
1598;5602;1673;Birab;Agats
1599;5599;5847;Manoekwari;Sorong
1600;5595;1660;Fak-Fak;Fakfak
1601;5597;5845;Wakia;Kaimana
1602;5615;1666;Lae;Lae
1603;5616;1667;Mount Hagen;Maun Hagen
1604;5634;5857;Popondetta;Mapamoiwa
1605;5617;1681;Wewak;Wewak
1606;5625;1675;Daru;Daru
1607;5626;1677;Port Moresby;Port Mosbi
1608;5628;1679;Kiunga;Kiunga
1609;5629;1680;Kerema;Kerema
1610;5627;1678;Mendi;Mendi
1611;5871;2923;Male;Diego Garcia
1612;5868;2085;Karavatti;Kavaratti
1613;5869;2234;West Island;West Island
1614;5870;2238;Christmas;Flying Fish Cove
1615;5553;1639;Flores;Ende
1616;5554;1657;Koepang;Kupang
1617;5555;1658;Dili;Dili
1618;5583;1757;Aru;Dobo
1619;5584;5807;Yamdena;Tepa
1620;5580;1654;Halmahera;Ternate
1621;5581;1655;Buru;Namlea
1622;5587;5810;Ceram;Masohi
1623;5477;1762;Longmerah;Malinau
1624;5458;1644;Kuching;Kuching
1625;5459;1646;Bandar Seri Begawan;Brunei
1626;5460;1647;Jesselton;Jesselton
1627;5474;1648;Tarakan;Tarakan
1628;5489;5759;Bakon;Sintang
1629;5470;1615;Singkawang;Singkawang
1630;5471;1641;Sampit;Sampit
1631;5472;1642;Poentianak;Poentianak
1632;5475;1649;Balikpapan;Balikpapan
1633;5476;1650;Bandjarmasin;Banjarmasin
1634;5500;1616;Pakan Baharoe;Pekanbaru
1635;5496;1356;Djambi;Jambi
1636;5498;1358;Palembang;Palembang
1637;5497;1357;Padang;Padang
1638;5499;1359;Bengkulu;Bengkulu
1639;5494;1354;Bangka;Pangkal Pinang
1640;5495;1355;Koeta-Radja;Kutaraja
1641;5501;1661;Oosthaven;Oosthaven
1642;5502;1663;Medan;Medan
1643;5548;1635;Bali;Singaraja
1644;5551;5803;Sumbawa;Sumbawa Besar
1645;5552;1638;Waingapoe;Waingapu
1646;5536;1612;Tjilatjap;Cilacap
1647;5537;1613;Batavia;Batavia
1648;5538;1628;Tjilegon;Serang
1649;5540;1630;Tjirebon;Cirebon
1650;5535;1373;Semarang;Semarang
1651;5539;1629;Bandoeng;Bandung
1652;5534;661;Rembang;Kudus
1653;5542;1632;Soerabaja;Surabaya
1654;5541;1631;Jogjakarta;Yogyakarta
1655;5543;1633;Malang;Malang
1656;5544;1634;Madura;Bangkalan
1657;5561;1640;Makassar;Makassar
1658;5563;1652;Kendari;Kendari
1659;5564;1653;Manado;Manado
1660;5562;1651;Paloe;Palu
1661;5349;1599;Iwo Jima;Motoyama
1662;5350;1784;Chichi Jima;Ogasawara-mura
1663;0;1599;Motoyama;Motoyama
1664;0;1599;Motoyama;Motoyama
1665;5335;1604;Ponape;Kolonia
1666;5336;1617;Kusaie;Tofol
1667;5337;1618;Truk;Truk
1668;5338;1619;Woleai;Woleai
1669;5340;1621;Yap;Yap
1670;5341;7195;Peleliu;Dongosaru
1671;0;;Kloulklubed;
1672;5353;1785;Minami Torishima;Minami Tori-shima
1673;5354;1786;Wake;Wake
1674;5319;1600;Bikini;Rongelap
1675;5320;1601;Eniwetok;Enewetak
1676;5321;1602;Kwajalein;Kwajalein
1677;5322;1603;Majuro;Majuro
1678;5323;1605;Makin;Makin
1679;5324;1606;Abemama;Kariatebike
1680;5325;1607;Tarawa;Bairiki
1681;5326;1608;Wotje;Wotje
1682;5334;1686;Nauru;Yaren
1683;5344;1624;Guam;Agana
1684;5345;1625;Rota;Songsong
1685;5347;1627;Saipan;Chalan Piao
1686;5348;7194;Pagan;Pagan
1687;5318;7206;Funafuti;Asau
1688;5832;1708;Carnarvon;Carnarvon
1689;5834;1710;Northam;Northam
1690;5835;1711;Perth;Perth
1691;5837;1713;Mount Barker;Albany
1692;5833;1709;Geraldton;Geraldton
1693;5838;1716;Kalgoorlie;Kalgoorlie
1694;5861;5985;Collie;Augusta
1695;5831;1707;Port Hedland;Port Hedland
1696;5789;1702;Katherine;Katherine
1697;5790;1703;Darwin;Darwin
1698;5830;1706;Broome;Broome
1699;5739;1696;Townsville;Townsville
1700;5741;1698;Rockhampton;Rockhampton
1701;5738;1693;Cairns;Cairns
1702;5742;1700;Toowoomba;Toowoomba
1703;5709;1715;Newcastle;Newcastle
1704;5743;1722;Brisbane;Brisbane
1705;5710;1723;Sydney;Sydney
1706;5711;1724;Wollongong;Wollongong
1707;5713;1727;Canberra;Canberra
1708;5697;1730;Melbourne;Melbourne
1709;5698;1732;Geelong;Geelong
1710;5691;1729;Hobart;Hobart
1711;5808;1717;Port Lincoln;Port Lincoln
1712;5809;1718;Adelaide;Adelaide
1713;5811;1733;Robe;Mount Gambier
1714;5759;6012;Mount Isa;Middleton
1715;5810;1719;Port Augusta;Port Augusta
1716;5791;1704;Alice Springs;Alice Springs
1717;5732;1725;Wagga Wagga;Wagga Wagga
1718;5671;1869;Napier;Napier
1719;5672;1870;Hamilton;Hamilton
1720;5670;1868;Auckland;Auckland
1721;5673;1871;Wellington;Wellington
1722;5674;1872;Christchurch;Christchurch
1723;5675;1873;Dunedin;Dunedin
1724;5636;1668;Manus;Lorengau
1725;5637;1669;Kavieng;Kavieng
1726;5640;1670;Rabaul;Rabaul
1727;5641;1671;Kimbe;Kimbe
1728;5309;1609;Suva;Savu
1729;5310;1611;Labasa;Labasa
1730;5311;1752;Mata'utu;Mata'utu
1731;5300;1753;Apia;Apia
1732;5307;7221;Nukunonu;Safotulafai
1733;5302;1755;Pago Pago;Pago Pago
1734;5266;7242;Pearl Harbor;Pearl Harbor
1735;5263;659;Kauai;Kahului
1736;5265;663;Hawaii;Honolulu
1737;5262;658;Maui;Hilo
1738;5268;1766;Johnston;Johnston
1739;5267;662;Midway;Midway
1740;5277;1761;Rikitea;Rikitea
1741;5278;1767;Roto;Roto
1742;5279;1768;Avarua;Avarua
1743;5280;1769;Papeete;Pape'ete
1744;5281;1770;Taiohae;Taiohae
1745;5269;1763;Jarvis Island;Millersville
1746;5270;1764;Christmas Island;Ronton
1747;5271;1765;Palmyra;Palmyra & Kingman
1748;5299;1751;Alofi;Alofi
1749;5303;1756;Nuku'alofa;Nuku'alofa
1750;5276;1759;Kanton;Kanton
1751;5275;1759;Baker Island;Kanton
1752;4731;567;St-Martin;Marigot
1753;4733;586;Dominica;Roseau
1754;4734;587;Montserrat;Plymouth - Montserrat
1755;4735;591;St Vincent;Kingstown
1756;4826;3793;San Jose del Guaviare;Calamar
1757;4737;795;Anguilla;The Valley
1758;4743;809;Trinidad;Port-of-Spain
1759;4746;897;Atigua & Barbuda;Saint John's
1760;4732;572;Saint Kitts;Basseterre
1761;4730;561;Saba Island;Philipsburg
1762;4750;4285;Netherlands Antilles;Kralendijk
1763;4740;806;Saint George's;Saint George's
1764;4741;807;Barbados;Bridgetown
1765;4744;895;Puerto Rico;San Juan
1766;4745;896;British Virgin Islands;Road Town
1767;4747;898;Guadeloupe;Basse-Terre
1768;4748;899;Martinique;Fort-de-France
1769;4742;808;Tobago;Scarborough
1770;4739;805;St Lucia;Castries
1771;4704;2963;The Bahamas;Andros Town
1772;4701;573;Turks and Caicos;Cockburn Town
1773;4700;538;The Bermudas;Hamilton - Bermuda
1774;4706;584;Cayman Islands;George Town
1775;4709;656;Camaguey;Camag?ey
1776;4707;654;Havana;La Habana
1777;4710;657;Santiago de Cuba;Santiago de Cuba
1778;4711;894;Guantanamo Bay Naval Base;Guantanamo Bay Naval Base
1779;4708;655;Santa Clara;Santa Clara
1780;4721;893;Ciudad Trujillo;Ciudad Trujillo
1781;4720;892;Port-au-Prince;Port-au-Prince
1782;4719;891;Jamaica;Kingston
1783;3872;2105;Greenland;Qaqortoq
1784;4371;582;Bangor;Bangor
1785;4372;583;Lewiston;Portland, ME
1786;4374;6368;Presque Isle;Caribou
1787;4368;595;Concord;Concord
1788;4359;2719;Hartford;Hartford
1789;4362;600;Boston;Boston
1790;4365;594;Burlington;Burlington, VT
1791;4349;612;Buffalo;Buffalo
1792;4346;592;Syracuse;Syracuse
1793;4347;598;Albany;Albany, NY
1794;4353;6328;Watertown;Watertown
1795;4348;602;New York;New York
1796;4358;601;Providence;Providence
1797;4343;603;Newark;Newark
1798;4334;609;Warren;Bradford
1799;4357;6332;Newburgh;Newburgh
1800;4352;6325;Binghampton;Binghamton
1801;4332;604;Harrisburg;Harrisburg
1802;4337;618;Altoona;Altoona
1803;4342;6381;Williamsport;Williamsport
1804;4335;610;Scranton;Scranton
1805;4333;608;Philadelphia;Philadelphia
1806;4336;614;Pittsburgh;Pittsburgh
1807;4321;6470;Cape Charles;Accomac
1808;4326;607;Baltimore;Baltimore
1809;4325;606;Washington;Washington, DC
1810;4311;6475;Clarksburg;Fairmont
1811;4308;630;Huntington;Huntington
1812;4314;632;Norfolk;Norfolk
1813;4315;633;Richmond;Richmond
1814;4316;638;Arlington;Arlington
1815;4318;2718;Danville;Lynchburg
1816;4320;6469;Charlottesville;Petersburg
1817;4310;6474;Beckley;Beckley
1818;4317;639;Roanoke;Roanoke
1819;4291;641;Louisville;Louisville
1820;4290;640;Lexington;Lexington
1821;4300;628;Columbus;Columbus, OH
1822;4301;2685;Toledo;Toledo, OH
1823;4302;2720;Cincinnati;Cincinnati
1824;4338;2686;Erie;Erie
1825;4299;615;Cleveland;Cleveland, OH
1826;4282;613;Fort Wayne;Fort Wayne
1827;4285;6389;Evansville;Evansville
1828;4287;627;Indianapolis;Indianapolis
1829;4259;625;Peoria;Peoria
1830;4267;6400;Decatur;Joliet
1831;4261;1278;Belleville;East Saint Louis
1832;4258;620;Chicago;Chicago
1833;4238;689;Saint Louis;Saint Louis
1834;4239;690;Saint Joseph;Saint Joseph
1835;4240;6357;Saint Charles;Columbia, MO
1836;4260;626;Springfield;Springfield, IL
1837;1227;691;Cedar Rapids;Cedar Rapids
1838;4235;624;Des Moines;Des Moines
1839;4248;621;Milwaukee;Milwaukee
1840;4250;2723;Eau Claire;Eau Claire
1841;4249;623;Green Bay;Green Bay
1842;4271;617;Grand Rapids;Grand Rapids
1843;4272;622;Marquette;Marquette
1844;4274;2722;Flint;Flint
1845;4270;616;Detroit;Detroit
1846;4231;693;Rochester;Rochester
1847;4215;2261;Minneapolis;Minneapolis
1848;4253;6405;Superior;Superior
1849;4220;6339;Duluth;Duluth
1850;4214;694;Saint Paul;Saint Paul
1851;4154;701;Miles City;Miles City
1852;4186;6285;Minot;Minot
1853;4162;6203;Fort Peck;Fort Peck
1854;4189;6291;Grand Forks;Grand Fork
1855;4182;698;Fargo;Fargo
1856;4183;699;Bismarck;Bismarck
1857;4191;788;Sioux Falls;Sioux Falls
1858;4204;787;Rapid City;Rapid City
1859;4202;789;Nebraska City;Lincoln
1860;4203;790;Omaha;Omaha
1861;4146;6187;Coeur d'Alene;Coeur d'Alene
1862;4165;6206;Bozeman;Bozeman
1863;4157;2367;Helena;Helena
1864;4158;2377;Great Falls;Great Falls
1865;4156;772;Missoula;Missoula
1866;4169;704;Casper;Casper
1867;4185;6201;Glendive;Glendive
1868;4155;705;Billings;Billings
1869;4144;770;Idaho Falls;Idaho Falls
1870;4150;6191;Rexburg;Hailey
1871;4145;776;Boise;Boise
1872;4121;2365;Spokane;Spokane
1873;4118;779;Yakima;Yakima
1874;4119;780;Seattle;Seattle
1875;4129;6097;Wenatchee;Wenatchee
1876;4126;6094;Walla Walla;Walla Walla
1877;4120;782;Tacoma;Tacoma
1878;4133;783;Portland;Portland, OR
1879;4135;786;Eugene;Eugene
1880;4137;6106;Klamath Falls;Klamath Falls
1881;4149;6190;Twin Falls;Twin Falls
1882;4134;784;Bend;Bend
1883;4574;763;Fresno;Fresno
1884;4582;2724;Santa Rosa;Santa Rosa
1885;4578;1971;Redding;Redding
1886;4572;761;San Diego;San Diego
1887;4573;762;Los Angeles;Los Angeles
1888;4575;764;Sacramento;Sacramento
1889;4576;765;San Francisco;San Francisco
1890;4577;766;Eureka;Eureka
1891;4580;2709;Santa Barbara;Santa Barbara
1892;4571;735;San Bernardino;San Bernardino
1893;4560;734;Las Vegas;Las Vegas
1894;4566;6139;Elko;Elko
1895;4561;768;Reno;Reno
1896;4538;733;Salt Lake City;Salt Lake City
1897;4526;708;Grand Junction;Grand Junction
1898;4170;732;Rock Springs;Rock Springs
1899;4547;6164;Saint George;Saint George
1900;4548;728;Phoenix;Phoenix
1901;4549;730;Tucson;Tucson
1902;4550;731;Flagstaff;Flagstaff
1903;4517;6176;Carlsbad;Lovington
1904;4514;727;Albuquerque;Albuquerque
1905;4512;724;Roswell;Roswell
1906;4513;725;Santa Fe;Santa Fe
1907;4171;2677;Cheyenne;Cheyenne
1908;4525;707;Denver;Denver
1909;4527;709;Colorado Springs;Colorado Springs
1910;4462;2680;Wichita;Wichita
1911;4472;713;Lawton;Lawton
1912;4474;2682;Tulsa;Tulsa
1913;4473;793;Oklahoma City;Oklahoma City
1914;4461;792;Kansas City;Kansas City, KS
1915;4455;684;Jonesboro;Jonesboro
1916;4481;6230;Ardmore;Ardmore
1917;4460;6283;Fort Smith;Fort Smith
1918;4454;683;Little Rock;Little Rock
1919;4483;711;Tyler;Tyler
1920;4488;719;Lubbock;Lubbock
1921;4489;721;Amarillo;Amarillo
1922;4490;748;Corpus Christi;Corpus Christi
1923;4487;718;El Paso;El Paso
1924;4484;715;Dallas;Dallas
1925;4482;686;Austin;Austin
1926;4486;717;San Antonio;San Antonio
1927;4501;6255;Abilene;Abilene
1928;4485;716;Houston;Houston
1929;4449;682;Monroe;Monroe
1930;4448;681;Shreveport;Shreveport
1931;4446;679;New Orleans;New Orleans
1932;4452;6274;Baton Rouge;Baton Rouge
1933;4458;6281;Pine Bluff;Pine Bluff
1934;4447;680;Lafayette;Lafayette
1935;4441;6425;Tupelo;Tupelo
1936;4427;2255;Tuscaloosa;Tuscaloosa
1937;4442;6426;Natchez;Natchez
1938;4443;6427;Vicksburg;Greenville, MS
1939;4438;675;Jackson;Jackson, MS
1940;4389;673;Memphis;Memphis
1941;4390;2717;Chattanooga;Chattanooga
1942;4387;642;Knoxville;Knoxville, TN
1943;4388;671;Nashville;Nashville
1944;4426;678;Mobile;Mobile
1945;4431;6433;Gadsden;Gadsden
1946;4429;6431;Birmingham  Al;Birmingham, AL
1947;4425;672;Montgomery;Montgomery
1948;4413;649;Tampa;Tampa
1949;4414;650;Orlando;Orlando
1950;4416;676;Pensacola;Pensacola
1951;4417;677;Tallahassee;Tallahassee
1952;4412;648;Jacksonville;Jacksonville
1953;4415;651;Miami;Miami
1954;4402;647;Macon;Macon
1955;4403;670;Atlanta;Atlanta
1956;4401;646;Savannah;Savannah
1957;4396;619;Columbia;Columbia, SC
1958;4398;645;Greenville;Greenville, SC
1959;4404;2711;Augusta;Augusta, GA
1960;4397;644;Charleston;Charleston, SC
1961;4377;636;Raleigh;Raleigh
1962;4378;637;Charlotte;Charlotte
1963;4376;634;Wilmington;Wilmington
1964;4381;6483;Asheville;Asheville
1965;4687;755;Tuxtla Gutierrez;Tuxtla Guti?rrez
1966;4688;756;Merida;M?rida
1967;4673;749;Matamoros;Matamoros
1968;4674;753;Veracruz;Veracruz
1969;4672;741;Puebla de Zaragoza;Puebla
1970;4675;754;Oaxaca de Juarez;Oaxaca de Ju?rez
1971;4653;750;Morelia;Morelia
1972;4654;751;Acapulco de Juarez;Acapulco de Ju?rez
1973;4652;747;Leon de los Aldama;Le?n de los Aldama
1974;4655;752;Mexico City;Ciudad de M?xico
1975;4623;745;Monterrey;Monterrey
1976;4621;742;Saltillo;Saltillo
1977;4620;740;Ciudad Juarez;Ciudad Ju?rez
1978;4622;744;Aguascalientes;Aguascalientes
1979;4603;739;Hermosillo;Hermosillo
1980;4604;743;Culiacan Rosales;Culiac?n Rosales
1981;4602;737;Tijuana;Tijuana
1982;4651;738;Guadalajara;Guadalajara
1983;0;3005;Lake Nipigon;Lake Nipigon
1984;0;3004;Lake of the Woods;Lake of the Woods
1985;4786;868;Cali;Cali
1986;4787;890;Barranquilla;Barranquilla
1987;4797;813;Medellin;Medell?n
1988;4795;804;Maracaibo;Maracaibo
1989;4793;802;Barquisimeto;Barquisimeto
1990;4794;803;Cucuta;C?cuta
1991;4796;812;Santa Fe de Bogota;Santa Fe de Bogot?
1992;4819;869;Ciudad Bolivar;Ciudad Bolivar
1993;4820;870;Caracas;Caracas
1994;4818;867;Villavicencio;Villavicencio
1995;4816;810;Maturin;Matur?n
1996;4817;811;Barinas;Barinas
1997;4543;873;Georgetown;Georgetown
1998;4842;871;Bartica;Bartica
1999;4844;874;Paramaribo;Paramaribo
2000;4845;875;Cayenne;Cayenne
2001;4981;820;Manacapuru;Manacapuru
2002;4982;822;Rio Branco;Rio Branco
2003;4983;823;Tefe;Tef?
2004;5033;825;Maraba;Marab?
2005;4985;872;Manaus;Manaus
2006;5035;2027;Macapa;Macap?
2007;4856;817;Puyo;Puyo
2008;4966;818;Iquitos;Iquitos
2009;4798;819;Florencia;Florencia
2010;4879;3826;Nauta;Lagunas
2011;4867;821;Pucallpa;Pucallpa
2012;4871;1988;Requena;Requena
2013;4872;2003;Puerto Maldonado;Puerto Maldonado
2014;4866;816;Trujillo;Trujillo
2015;4868;829;Cuzco;Cuzco
2016;4869;830;Lima;Lima
2017;4870;831;Arequipa;Arequipa
2018;4874;2497;Tarapoto;Tarapoto
2019;4901;828;Cobija;Cobija
2020;4902;832;Nuestra Senora de La Paz;La Paz
2021;4904;838;Sucre;Sucre
2022;4930;856;Valparaiso;Valparaiso
2023;4931;860;Santiago de Chile;Santiago de Chile
2024;4927;839;Iquique;Iquique
2025;4928;840;Antofagasta;Antofagasta
2026;5177;843;Salta;Salta
2027;5180;853;San Miguel de Tucuman;San Miguel de Tucum?n
2028;5181;854;Mendoza;Mendoza
2029;5182;855;San Juan;San Juan
2030;4929;842;Punta Arenas;Punta Arenas
2031;4933;864;Temuco;Temuco
2032;4940;3880;Talcahuano;Talca
2033;4967;908;Jaen;Ja?n
2034;5243;862;Neuquen;Neuqu?n
2035;5244;2653;El Calafate;El Calafate
2036;5241;858;Rio Gallegos;Rio Gallegos
2037;5242;859;Comodoro Rivadavia;Comodoro Rivadavia
2038;5245;2655;Trelew;Trelew
2039;5248;2955;Viedma;Viedma
2040;4854;814;Santiago de Guayaquil;Guayaquil
2041;4853;551;Galapagos Islands;Puerto Baquerizo Moreno
2042;4855;815;San Francisco de Quito;Quito
2043;4962;865;Porvenir;Porvenir
2044;5258;863;Ushuaia;Ushuaia
2045;5259;866;Falkland Islands;Stanley
2046;5162;837;Villa Hayes;Villa Hayes
2047;5163;846;Nuestra Senora de la Asuncion;Asunci?n
2048;5221;667;La Plata;La Plata
2049;5223;850;Corrientes;Corrientes
2050;5224;851;Buenos Aires;Buenos Aires
2051;5214;833;Salto;Salto
2052;5215;849;Montevideo;Montevideo
2053;5225;857;Mar del Plata;Mar del Plata
2054;5179;852;Cordoba;C?rdoba
2055;5222;845;Rosario;Rosario
2056;5178;844;Resistencia;Resistencia
2057;5140;847;Curitiba;Curitiba
2058;5141;848;Porto Alegre;Porto Alegre
2059;5115;886;Sao Paulo;S?o Paulo
2060;5010;835;Campo Grande;Campo Grande
2061;5009;834;Cuiaba;Cuiab?
2062;4984;824;Porto Velho;Porto Velho
2063;4900;827;Santa Cruz de la Sierra;Santa Cruz de la Sierra
2064;5021;3992;La Santisima Trinidad;Vila Bela da Sant?ssima Trindade
2065;5059;876;Teresina;Teresina
2066;5060;878;Barreiras;Barreiras
2067;5104;883;Goiania;Goi?nia
2068;5034;877;Belem;Bel?m
2069;5061;879;Sao Luis;S?o Lu?s
2070;5063;881;Natal;Natal
2071;5058;826;Recife;Recife
2072;5062;880;Fortaleza;Fortaleza
2073;5064;882;Salvador;Salvador
2074;5113;884;Vitoria;Vit?ria
2075;5114;885;Rio de Janeiro;Rio de Janeiro
2076;5116;887;Belo Horizonte;Belo Horizonte
2077;4779;723;San Jose de David;San Jose de David
2078;4780;888;Ciudad de Panama;Panam?
2079;4762;759;San Salvador;San Salvador
2080;4760;539;Managua;Managua
2081;4761;540;San Jose;San Jos?
2082;4765;2651;Bluefields;Bluefields
2083;4766;2652;Puerto Limon;Puerto Lim?n
2084;4764;2650;San Pedro Sula;San Pedro Sula
2085;4763;760;Tegucigalpa;Tegucigalpa
2086;4753;758;Belize City;Belize City
2087;4754;2649;Puerto Barrios;Puerto Barrios
2088;4752;757;Ciudad de Guatemala;Guatemala
2089;4068;541;Vancouver;Vancouver
2090;4070;556;Victoria;Victoria
2091;4073;2728;Prince George;Prince George
2092;4077;6757;Jasper;Cranbrook
2093;4091;6778;Telegraph Creek;Tahltan
2094;4029;552;Whitehorse;Whitehorse
2095;4018;6797;Fort Simpson;Fort Simpson
2096;4014;558;Yellowknife;Yellowknife
2097;4015;560;Rankin Inlet;Rankin Inlet
2098;4023;6837;Lake Harbor;Pond Inlet
2099;4016;6794;Fort Resolution;Hay River
2100;3998;798;Saskatoon;Saskatoon
2101;3999;799;Regina;Regina
2102;4008;6738;Prince Albert;Prince Albert
2103;4099;796;Edmonton;Edmonton
2104;4100;797;Calgary;Calgary
2105;4098;555;Grande Prairie;Grande Prairie
2106;3982;569;Winnipeg;Winnipeg
2107;3981;566;Flin Flon;Flin Flon
2108;3948;588;Ottawa;Ottawa
2109;3950;590;Hamilton;Hamilton, ON
2110;3947;571;Fort William;Fort William
2111;3949;589;Toronto;Toronto
2112;3959;6671;Cochrane;Fraserdale
2113;3979;6703;Pembroke;Pembroke
2114;3952;2730;Sudbury;Sudbury
2115;3958;6670;Fort Severn;Fort Severn
2116;3902;6606;Fort Rupert;Fort Rupert
2117;3893;574;Quebec;Qu?bec
2118;3895;1909;Sherbrooke;Sherbrooke
2119;3894;585;Montreal;Montr?al
2120;3921;6633;Sept-Iles;Sept-Iles
2121;3917;6623;Chicoutimi;Labrecque
2122;3892;564;Fort Chimo;Fort Chimo
2123;3901;6605;Fort George;Fort George
2124;3899;2735;Rimouski;Rimouski
2125;3904;6608;Val d'Or;Rouyn
2126;3919;6626;Trois Rivieres;Trois-Rivieres
2127;3915;6625;Roberval;Roberval
2128;3940;580;Fredericton;Fredericton
2129;3946;565;Sault Sainte Marie;Sault Sainte Marie, ON
2130;3945;6604;Saint John;Saint John
2131;3944;6602;Moncton;Moncton
2132;3933;579;Halifax;Halifax
2133;3932;578;Charlottetown;Charlottetown
2134;3939;6665;Glace Bay;Cheticamp
2135;3878;581;Saint-Pierre;Saint-Pierre
2136;3882;6651;Goose Bay;Port Hope Simpson
2137;3877;576;St. John's;St. John's
2138;3876;575;Nain;Nain
2139;4033;548;Dillingham;Dillingham
2140;4035;550;Fairbanks;Fairbanks
2141;4036;553;Juneau;Juneau
2142;4034;549;Anchorage;Anchorage
2143;4055;6871;Chignik;Chignik
2144;4048;6857;Bethel;Bethel
2145;4049;6860;Nome;Nome
2146;4052;6853;Tanana;Palmer
2147;4045;6852;Valdez;Valdez
2148;4072;2727;Prince Rupert;Prince Rupert
2149;4088;6772;Queen Charlotte;Queen Charlotte
2150;4062;6877;Adak;Adak
2151;4057;692;Dutch Harbor;Unalaska
2152;393;93;Malmo;Malm?
2153;396;98;Gothenburg;G?teborg
2154;405;3306;Joenkoping;J?nk?ping
2155;395;97;Kalmar;Kalmar
2156;394;96;Visby;Visby
2157;398;100;Linkoping;Link?ping
2158;390;2629;Uppsala;Uppsala
2159;389;101;Stockholm;Stockholm
2160;383;105;Oerebro;?rebro
2161;384;106;Karlstad;Karlstad
2162;373;113;Gaevle;G?vle
2163;363;3318;Vilhelmina;Vilhelmina
2164;377;3316;Oestersund;?stersund
2165;360;121;Umea;Ume?
2166;362;127;Lulea;Lule?
2167;361;126;Kiruna;Kiruna
2168;2594;5389;Kondoz;Kohsan
2169;2580;1492;Kandahar;Kandahar
2170;2600;5395;Jalalabad;Jalalabad
2171;2581;1493;Kabul;Kabel
2172;2579;1486;Herat;Herat
2173;2602;5397;Wakhan;Qal`eh-ye Panjeh
2174;;;Attu Island;
2175;5994;5107;Coast of Bengazi;Gulf of Sidra
2176;6009;7527;Nile Delta;Nile Delta 
2177;6005;2451;Gulf of Sollum;Coast of Tobruk
2178;6007;2454;Coast of Egypt;Coast of Egypt 
2179;;2439;Tyrrhenian Sea;Tyrrhenian Sea
2180;5990;2442;Cape Passero;Coast of Syracuse
2181;;2440;Sea of Sicily;Sea of Sicily
2182;5986;7889;Gulf of Gaeta;Ligurian Sea
2183;5993;5106;Gulf of Gabes;Coast of Malta
2184;5989;2441;Gulf of Naples;Gulf of Salerno
2185;;5107;Gulf of Sidra;Gulf of Sidra
2186;;2443;Gulf of Taranto;Gulf of Taranto
2187;5983;2433;Catalan Sea;Catalan Sea
2188;5984;2435;Gulf of Lyon;Gulf of Lyon
2189;5985;2438;Ligurian Sea;Gulf of Genoa
2190;5977;2434;Balearic Sea;Balaeric Sea
2191;;2436;Sea of Sardinia;Sea of Sardinia
2192;5979;2437;Gulf of Cagliari;Gulf of Cagliari
2193;;5103;Gulf of Tunis;
2194;;5102;Coast of Algeria;
2195;5973;2430;Alboran Sea;Straits of Gibraltar
2196;5975;2432;Cape of Palos;Cape of Palos
2197;6239;2455;Red Sea;North Red Sea
2198;;;Bab-el-Mandeb Strait;
2199;;;Coast of Somalia;
2200;;5174;Gulf of Aden;Gulf of Aden
2201;;5173;Suqutra Archipelago;Suqutra Archipelago
2202;;;Cape Hafun;
2203;;;South Somalia Basin;
2204;;;North Somalia Basin;
2205;;2037;West Arabian Basin;West Arabian Basin
2206;;;Owen Fracture Zone;
2207;;2039;Gwatar Bay;Gwatar Bay
2208;6247;2042;Mouths of the Indus;Mouths of the Indus
2209;;5407;North Arabian Basin;North Arabian Basin
2210;6246;2039;Coast of Oman;Gwatar Bay
2211;6253;2040;Gulf of Oman;Gulf of Oman
2212;6254;2041;Persian Gulf;Persian Gulf
2213;;2035;Carlsberg Ridge;Carlsberg Ridge
2214;;2036;South Arabian Basin;South Arabian Basin
2215;6248;2044;Padua Bank;Padua Bank
2216;;2045;Malabar Coast;Malabar Coast
2217;;7542;South Chagos-Laccadive Plateau;South Chagos-Laccadive Plateau
2218;;2585;East Arabian Basin;East Arabian Basin
2219;;2587;North Chagos-Laccadive Plateau;North Chagos-Laccadive Plateau
2220;;2029;Bombetoka Bay;Bombetoka Bay
2221;;2030;Cape Vilanandro;Cape Vilanandro
2222;;;Ungama Bay;
2223;;;West Mascarene Basin;
2224;;2016;Inhambane Bay;Inhambane Bay
2225;;2017;Sofala Bay;Sofala Bay
2226;;2018;Mouth of the Tsiribihina;Mouth of the Tsiribihina
2227;;2022;Northwest Madagascar Basin;Northwest Madagascar Basin
2228;;2023;Mouth of the Manambovo;Mouth of the Manambovo
2229;;5152;Cape Masoala;Cape Masoala
2230;;;East Atlantic-Indian Ridge;
2231;6195;2011;Agulhas Plateau;Wild Coast
2232;6197;2268;Cape of Good Hope;Cape Alguhas
2233;6194;2008;Wild Coast;Algoa Bay
2234;6200;5141;Coast of Namib;Springbok Coast
2235;;5144;Cape Basin;Cape Basin
2236;6185;2007;Agulhas Ridge;Agulhas Ridge
2237;;;Tristan da Cunha Island;
2238;;;Tristan de Cunha Fracture Zone;
2239;;;Angola Plain;
2240;;;Saint Helena Island;
2241;6199;5140;Walvis Ridge;West Coast of South Africa
2242;;2275;Cape Fria;Cape Fria
2243;6177;2277;Mouth of Congo;East Congo Cone
2244;;2278;Cape Lopez;Cape Lopez
2245;;;Congo Canyon;
2246;;;Angola Basin;
2247;;;Southwestern Atlantic Ocean;
2248;;6947;Ascension;Ascension
2249;;;Bight of Benin;
2250;;;Gulf of Guinea;
2251;;;Guinea Basin;
2252;;2290;Gold Coast;Gold Coast
2253;;;Grain Coast;
2254;;;Ascension Fracture Zone;
2255;;;Romanche Fracture Zone;
2256;6105;5457;Brazil Basin;East Brazilian Plain
2257;;;Coast of Sierra Leone;
2258;;;Cape Verga;
2259;;2295;Gambian Basin;Gambian Basin
2260;;;Sierra Leone Basin;
2261;;;Cape Verde Islands;
2262;;;Doldrums Fracture Zone;
2263;;3022;Caspian Sea;Caspian Sea
2264;6123;2301;Cape Blanc;Gulf of Cintra
2265;6121;7487;East Canary Islands;Gran Canaria Sea Mounts-West
2266;;;East Cape Verde Approach;
2267;6119;2594;West Canary Islands;East Cap Verde Approach
2268;6125;5115;South Cape Verde Plain;Coast Of Mauritania
2269;;;North Cape Verde Plain;
2270;;2307;Northern South-Central Mid-Atlantic Ridge;Northern South-Central Mid-Atlantic Ridge
2271;;;Para Plain;
2272;;;St Peter and St Paul Archipelago;
2273;;7504;Pernambuco Plain;Pernambuco Plain
2274;;;Demeraso Plain;
2275;;2308;Southern Central Mid-Atlantic Ridge;Southern Central Mid-Atlantic Ridge
2276;;2309;Northern Central Mid-Atlantic Ridge;Northern Central Mid-Atlantic Ridge
2277;5968;2429;Cape Bolador;Gulf of Morocco
2278;5967;2428;Gulf of Cadiz;Gulf of Cadiz
2279;;2429;Coast of Morocco;
2280;5971;5110;Madeira Plain;Gran Canaria Sea Mounts-East
2281;;;Faro Canyon;
2282;5954;2595;South Iberian Plain;North Iberian Shelf
2283;5959;2427;Bay of Setubal;Coast of Lissabon
2284;5957;2424;North Iberian Plain;South Iberian Shelf
2285;5956;2425;Cap Finisterre;Rias Bajas
2286;;;Madeira Island;
2287;;;Terceira Rift;
2288;5965;7476;Azores Platform;Sea of Azores-East
2289;;;Falkland Plateau;
2290;;2002;West South Sandwich Trench;West South Sandwich Trench
2291;;;Southeast Argentine Plain;
2292;;;Rio Grande Fracture Zone;
2293;;;Rio Grande Plateau;
2294;6152;2501;Trindade Island;Northern Coast of Uruguay Slope
2295;;;Rio de la Plata;
2296;;;Magellan Straits;
2297;;;Scotia Sea;
2298;;;Argentine Basin;
2299;6153;4105;Laguna dos Patos;North Coast of Uruguay Shelf
2300;6110;4104;Cape Frio;Cabo Frio Shelf
2301;6154;4106;Santos Plateau;Southern Coast of Uruguay Shelf
2302;6103;2510;Coast of Nordeste;Brazilian Plain
2303;6104;2512;Ponta do Caleanhar;East Ceara Deep Sea Plain
2304;6102;4102;Guyana Coast;Amazonian Plateau
2305;;;Demeraro Plain;
2306;;;Venezuelan Archipelago;
2307;;;Windward Islands;
2308;;2313;Northern Guiana Basin;Northern Guiana Basin
2309;;;Puerto Rico Trench;
2310;;;Nares Plain;
2311;;;Bermuda Plateau;
2312;;;Grassy Bay;
2313;;;Sohm Plain;
2314;;;Sargasso Sea;
2315;6069;6582;Blake Plateau;South Carolina Shelf
2316;6068;4245;Florida Coast;Florida Continental Shelf
2317;;;Leeward Islands;
2318;;;Bermuda Rise;
2319;;;South Hatteras Plain;
2320;;;Bahamas Archipelago;
2321;6055;6575;Chesapeake Bay;Chesapeake Bay Shelf
2322;;;Northern Hatteras Plain;
2323;6053;4247;Coast of Long Island;Mid States Shelf
2324;;2343;Gulf of St. Lawrence;
2325;6054;4248;Bay of Fundy;New England Shelf
2326;;;Coast of Nova Scotia;
2327;;;Gulf of Maine;
2328;;2312;East Bermuda;East Bermuda
2329;;2354;Grand Banks;Grand Banks
2330;;2355;Corner Spearmounts;Corner Spearmounts
2331;;2356;Southern North Mid-Atlantic Sea Ridge;Southern North Mid-Atlantic Sea Ridge
2332;;;Mid-Ocean Canyon;
2333;;2360;Flemish Cap;Flemish Cap
2334;;;Cape Race;
2335;;;Newfoundland Plain;
2336;6079;4243;Apalachee Bay;Tampa Bay
2337;;;Florida Straits;
2338;6083;4241;Louisiana Coast;Houston Shelf
2339;6082;4240;Yucatan Coast;Matamoros Shelf
2340;;2532;Gulf of Mexico;
2341;;;Gulf of Campeche;
2342;6087;7890;Gulf of Honduras;Belize North Shelf
2343;;;Yucatan Channel;
2344;6091;4236;Mosquito Coast;Calabash Caye
2345;;;Gulf of Mosquitoes;
2346;6095;2521;Jamaica Channel;Mona Passage
2347;;;Caribbean Sea;
2348;;;Gulf of Venezuela;
2349;;;Gulf of Darien;
2350;6736;4258;Gulf of Tehuantepec;Nicaraguan Shelf
2351;;;Guatemala Basin;
2352;;;Panama Basin;
2353;;4116;Gulf of Panama;Gulf of Panama
2354;6744;4114;Coast of Colombia;Coast of Ecuador
2355;6743;4113;Peruvian Coast;Coast of Peru
2356;;2553;Peru Basin;Peru Basin
2357;;7870;Chile Rise;Chile Rise
2358;;4112;Atacama Trench;Atacama Trench
2359;;;South Chilean Coast;
2360;;7864;Nazca Ridge;Nazca Ridge
2361;;;Chile Basin;
2362;;7876;East Eltanin Fracture Zone;East Eltanin Fracture Zone
2363;;;Northwest Humboldt Plain;
2364;;;South Nazea Ridge;
2365;;1986;West Challenger Fracture Zone;West Challenger Fracture Zone
2366;;;Central Challenger Fracture Zone;
2367;;7868;East Challenger Fracture Zone;East Challenger Fracture Zone
2368;;;Colon Ridge;
2369;;2553;Peru Basin;Peru Basin
2370;;;East Easter Fracture Zone;
2371;;1970;East Marquesas Fracture Zone;East Marquesas Fracture Zone
2372;;1972;Central Marquesas Fracture Zone;Central Marquesas Fracture Zone
2373;;7883;West Marquesas Fracture Zone;West Marquesas Fracture Zone
2374;;7841;Northeast Pacific Basin;Northeast Pacific Basin
2375;;7859;Clipperton Fracture Zone;Clipperton Fracture Zone
2376;;1958;West Clipperton Fracture Zone;West Clipperton Fracture Zone
2377;;;Galapagos Fracture Zone;
2378;;;Eastern Pacific Plateau;
2379;;;Mendocino Fracture Zone;
2380;;;Clarion Fracture Zone;
2381;;1934;East Menocino Fracture Zone;East Menocino Fracture Zone
2382;;;Molokai Fracture Zone;
2383;;;Kahuku Point;
2384;6730;4262;Gulf of California;Gulf of California
2385;6728;4260;Mexican Pacific Coast;Mexican Pacific Coast
2386;;;Alijos Rocks;
2387;;;Middle America Trench;
2388;6715;4267;Oregon Coast;Alexander Archipelago
2389;6723;4265;California Coast;San Francisco Coast
2390;;;Juan de Fuca Ridge;
2391;;1935;Patton Escarpment;Patton Escarpment
2392;;4267;Alexander Archipelago;Alexander Archipelago
2393;;;Cascadia Basin;
2394;;4269;Alaskan Coast;Alaskan Coast
2395;;;Aleutian Trench;
2396;;;Aleutian Archipelago;
2397;;;Gulf of Alaska;
2398;;1919;Tufts Plain;Tufts Plain
2399;;1924;Cornstock Seamount;Cornstock Seamount
2400;;;North Pacific Basin;
2401;;1933;West Mendocino Fracture Zone;West Mendocino Fracture Zone
2402;;;Bering Straits;
2403;;4273;Bristol Bay;Bristol Bay
2404;;;Bering Sea;
2405;;;Bowers Basin;
2406;;;Commodore Islands;
2407;;;East Kamchatka Coast;
2408;;;Kuril Trench;
2409;6470;2237;Kamchatka Basin;Gulf of Olyutorsky
2410;;2209;Hess Rise;Hess Rise
2411;;;Emperor Trough;
2412;;7694;Emperor Ridge;Emperor Ridge
2413;;;Northwest Pacific Basin;
2414;;;Wake Island;
2415;;7671;Bonin Trench;Bonin Trench
2416;;;Marcus Island;
2417;;;Western Mid Pacific Ridges;
2418;;;West Pacific Ocean;
2419;;;Eastern Mid Pacific Ridge;
2420;;2205;Japan Trench;Japan Trench
2421;;6081;Bounty Trough;Bounty Trough
2422;;7713;Barkert Seamount;Barkert Seamount
2423;;;West Eltanin Fracture Zone;
2424;6526;7643;Marshall Islands;Enewetak Sea Mounts
2425;6520;7632;Ratak Islands;Majuro Sea Mounts
2426;;;East Mariana Basin;
2427;;;East Melanesian Basin;
2428;;;West Melanesian Basin;
2429;6515;2200;Ratik Islands;Kwajalein Sea Mounts
2430;;;Strait of Gibraltar;
2431;;2562;Necker Ridge;Necker Ridge
2432;;;Vitiaz Trench;
2433;;;Nauru Island;
2434;;2180;Fiji Islands;Fiji Islands
2435;;;Gilbert Islands;
2436;;;Tuvalu Islands;
2437;;;Central Gilberts;
2438;;1883;Loyalty Islands;Loyalty Islands
2439;;;Eastern Solomons;
2440;;;Cape St George;
2441;;7611;New Hebrides Islands;New Hebrides Islands
2442;;2115;Santa Cruz Islands;Santa Cruz Islands
2443;;2120;New Hebrides Trench;New Hebrides Trench
2444;6604;2112;Coast of Queensland;Lord Howe Rise
2445;;;Queensland Plateau;
2446;;2116;Coral Sea;Coral Sea
2447;;;Milne Bay;
2448;;;Cape Flattery;
2449;6606;6078;Wellesley Islands;Port Roper Sound
2450;6586;2131;Torres Strait;Torres Strait
2451;;;Great Barrier Reef;
2452;;;Eastern Fields;
2453;;2453;Suez Canal;Suez Canal
2454;;2129;Gulf of Carpentaria;Gulf of Carpentaria
2455;6575;2117;Solomon Sea;Central Solomon Sea
2456;6576;2118;Solomon Islands;The Slot
2457;;;San Cristobal Trench;
2458;;2121;St. George's Channel;St. George's Channel
2459;;2122;Huon Gulf;Huon Gulf
2460;;;Trobriand Islands;
2461;;2167;Irian Bay;Irian Bay
2462;;;Humboldt Bay;
2463;;3019;Lake Onega;Lake Onega
2464;;;free;
2465;;5888;West Bismarck Sea;West Bismarck Sea
2466;6349;2090;Bismarck Sea;Exmouth Plateau
2467;;2179;Admiralty Islands;Admiralty Islands
2468;;2123;South Caroline Basin;South Caroline Basin
2469;;;Bismark Archipelago;
2470;6409;7654;West Caroline Basin;Woleal Sea Mounts
2471;6402;2247;Senyavin Islands;Kolinia Sea Mounts
2472;;;Mariana Trench;
2473;6408;7652;East Caroline Basin;Namonuito-Yap Sea Mounts
2474;;;Challenger Deep;
2475;6426;2176;Mariana Islands;Mariana Trough
2476;6513;2196;Bonin Islands;Iwo Jima Island
2477;;;Izu Islands;
2478;;;Yap Islands;
2479;;;Peleliu Kyushu Ridge;
2480;;;Daito Islands;
2481;;;East Philippine Basin;
2482;;;Philippine Sea;
2483;;;Peleliu Islands;
2484;;;Philippine Trench;
2485;6413;2258;Lingayen Gulf;Lamon Bay
2486;6371;2257;Polillo Islands;Lingayen Gulf
2487;;;West Philippine Basin;
2488;;;Osumi Islands;
2489;6443;2193;Inland Sea;Inland Sea
2490;6433;2195;Ryuyku Trench;Ryuku Sea Mounts
2491;6445;2589;Cape Erimo;Ishinomaki Bay
2492;6446;7663;Tokyo Bay;Tokyo Bay
2493;6451;5708;Sikhote Alin Coast;Vladivostok Bay
2494;6453;5710;Cape Erimo;Tsugaru Strait
2495;;2192;Korea Strait;Korea Strait
2496;;2191;East Korea Bay;East Korea Bay
2497;6448;2192;Tsushima Strait;Korea Strait
2498;6449;2194;Sea of Japan;Wakasa Bay
2499;6454;2212;Gulf of Patience;Gulf of Patience
2500;;;Sakhaline Coast;
2501;6456;2215;La Perouse Strait;La Perouse Strait
2502;6455;2214;Tartar Strait;Sakhalin Coast
2503;;2222;South Sea of Okhotsk;South Sea of Okhotsk
2504;6459;2223;Kuril Islands;Kuril Islands
2505;;2224;West Kamchatka Coast;West Kamchatka Coast
2506;6461;2218;Shelikhov Gulf;Gulf of Uda
2507;6457;2216;Cape of Elizabeth;Tartar Strait
2508;6560;1931;Gulf of Uda;Mendelssohn Seamount
2509;;2220;North Sea of Okhotsk;North Sea of Okhotsk
2510;;2221;Nagayevo Bay;Nagayevo Bay
2511;6431;2185;Sakishima Islands;Sakishima Islands
2512;6433;2195;Ryuyku Islands;Ryuku Sea Mounts
2513;;;East China Sea;
2514;6435;2186;Hangzhou Bay;Coast of Chekiang
2515;6372;2262;Formosa Strait;Babuyan Channel
2516;6441;5705;Coast of Shandong;Coast of Shangdong
2517;6438;2189;Yellow Sea;Coast of Korea
2518;6439;2190;Bohai Sea;Bohai Sea
2519;;;Spratley Islands;
2520;;;Paracel Islands;
2521;;;South China Sea;
2522;;2149;Cape Ca Mau;Cape Ca Mau
2523;6370;5714;Gulf of Tonkin;Gulf of Tonkin
2524;6369;2158;Coast of Guangdong;Hainan Strait
2525;6354;2148;Bight of Bangkok;Bight of Bangkok
2526;6356;2150;Gulf of Thailand;West Gulf of Siam
2527;;5877;Bunguran Islands;Bunguran Islands
2528;;2146;Coast of Malaysia;Bangka Strait
2529;;;Bangka Island;
2530;;2147;South Malacca Strait;South Malacca Strait
2531;;2073;North Malacca Strait;North Malacca Strait
2532;;2074;Tapanuli Gulf;Tapanuli Gulf
2533;;5883;Sunda Strait;Sunda Strait
2534;;;South Java Coast;
2535;;;North Java Coast;
2536;;;Karimata Strait;
2537;;2140;Sape Strait;Sape Strait
2538;;;Bali Sea;
2539;;;South Borneo Coast;
2540;;5881;Java Sea;Java Sea
2541;;;Makassar Strait;
2542;;2138;Savu Sea;Savu Sea
2543;;;Lombok Strait;
2544;;;Christmas Island;
2545;;;Cape Karosso;
2546;;7546;West Java Trench;West Java Trench
2547;;2139;Banda Sea;Banda Sea
2548;;2162;Molucca Sea;Molucca Sea
2549;;;Gulf of Tolo;
2550;;;North Banda Basin;
2551;;2164;Ceram Sea;Ceram Sea
2552;;;Berau Bay;
2553;6382;5879;Celebes Sea;Celebes Sea
2554;;7656;Halmahera Sea;Halmahera Sea
2555;6380;2251;Leyte Gulf;Leyte Gulf
2556;6379;2160;Sulu Sea;Borneo Sea
2557;6375;2253;Surigao Strait;Surigao Strait
2558;6376;2254;Sibuyan Sea;Sibuyan Sea
2559;;2153;Datu Bay;Datu Bay
2560;6377;2256;Palawan Passage;Manila Bay
2561;;;Arafura Sea;
2562;;;Kamrau Bay;
2563;;;Aru Archipelago;
2564;6352;5890;Bonaparte Gulf;Bonaparte Gulf
2565;;7586;Rowley Shoals;Rowley Shoals
2566;;;Bonaparte Archipelago;
2567;;5885;Timor Sea;Timor Sea
2568;;2052;Central Mid-Indian Basin;Central Mid-Indian Basin
2569;;2053;North Ninetyeast Ridge;North Ninetyeast Ridge
2570;;;South Mid-Indian Basin;
2571;;7553;South Ninetyeast Ridge;South Ninetyeast Ridge
2572;;2082;North Australian Basin;North Australian Basin
2573;;;West Australian Basin;
2574;6304;2087;Geographe Bay;Cape Naturaliste
2575;6089;2575;Panama Canal;Panama Canal
2576;;2088;Shark Bay;Shark Bay
2577;;2089;Exmouth Gulf;Exmouth Gulf
2578;;;Southwest Australian Basin;
2579;;2095;Sandy Bight;Sandy Bight
2580;;;South Australian Basin;
2581;;7972;Great Australian Bight;Great Australian Bight
2582;6325;2097;Spencer Gulf;Spencer Gulf
2583;;2098;Bass Strait;Bass Strait
2584;;;Farneaux Group;
2585;6671;6082;Karamea Bay;Wellington Sound
2586;;7592;Tasman Basin;Tasman Basin
2587;6327;6072;Ninety Mile Beach;Tasman Sound
2588;6608;2100;Jervis Bay;Tasman Plain
2589;;2107;New Caledonia Basin;New Caledonia Basin
2590;6609;2108;Cook Strait;Cook Strait
2591;;2109;Tasman Sea;Tasman Sea
2592;;2110;Norfolk Island;Norfolk Island
2593;;2112;Lord Howe Rise;Lord Howe Rise
2594;;2100;Tasman Plain;Tasman Plain
2595;6670;6081;Bay of Plenty;Bounty Trough
2596;;7600;Colville Ridge;Colville Ridge
2597;;1974;Manihiki Plateau;Manihiki Plateau
2598;;1975;North Tonga Trench;North Tonga Trench
2599;;;South Fiji Basin;
2600;;;Beveridge Reef;
2601;;;Fabert Seamount;
2602;;7765;Western Point Bay;Western Point Bay
2603;;;North Phoenix Islands;
2604;;;North Phoenix Islands;
2605;;1952;Gilberts-Phoenix Passage;Gilberts-Phoenix Passage
2606;;7722;Bouchard Seamount;Bouchard Seamount
2607;;;Central Line Islands;
2608;;7773;Cooper Ridge;Cooper Ridge
2609;;;Marquesas Fracture Zone;
2610;;;Far West Clipperton Fracture Zone;
2611;;;Broken Plateau;
2612;;2067;Southeast Indian Ridge;Southeast Indian Ridge
2613;;7574;West Broken Ridge;West Broken Ridge
2614;;7581;East Broken Ridge;East Broken Ridge
2615;;5147;South Natal Basin;South Natal Basin
2616;;;Southwest Indian Ridge;
2617;;;Southwest Madagascar Basin;
2618;;;Southeast Madagascar Basin;
2619;;7532;Crozet Basin;Crozet Basin
2620;;;Northeast Madagascar Basin;
2621;;5169;South Mascarene Plateau;South Mascarene Plateau
2622;;;Northwestern Indian Ocean;
2623;;;East Mascarene Plateau;
2624;;;North Mid-Indian Ridge;
2625;;;Central Mid-Indian Ridge;
2626;;;South Mid-Indian Ridge;
2627;6262;2046;Nine Degree Channel;Nine Degree Channel
2628;;2047;Gulf of Mannar;Gulf of Mannar
2629;;;North Mid-Indian Basin;
2630;;5409;Palk Strait;Palk Strait
2631;6567;1927;Midway Island;West Hawaiian Rise
2632;;;Chinook Through;
2633;;7837;West Murray Fracture Zone;West Murray Fracture Zone
2634;;;Kahala Point;
2635;;;Hawaiian Ridge;
2636;6568;7788;Maro Reef;Lihue Sea Mount
2637;6560;1931;Pearl Harbor Bay;Mendelssohn Seamount
2638;;7779;Apua Point;Apua Point
2639;6563;1946;Johnston Atoll;Magellan Rise
2640;;;South Bay of Bengal;
2641;;2055;Central Bay of Bengal;Central Bay of Bengal
2642;;2058;Mouths of the Krishna;Mouths of the Krishna
2643;;2059;West Mouths of the Ganges;West Mouths of the Ganges
2644;;7547;West Andaman Sea;West Andaman Sea
2645;;2060;East Mouths of the Ganges;East Mouths of the Ganges
2646;6275;2061;Gulf of Martapan;Gulf of Martapan
2647;;2072;East Andaman Sea;East Andaman Sea
2648;;6910;Hudson Bay;Hudson Bay
2649;;2363;Davis Strait;Davis Strait
2650;;;Hudson Strait;
2651;;;Labrador Sea;
2652;;;Cape Farewell;
2653;;;Northwest Atlantic Canyon;
2654;;;Coast of Greenland;
2655;;;Imarssuak Seachannel;
2656;;;Sea of Azores North;
2657;;;Iceland Basin;
2658;;;Charlie Gibbs Fracture Zone;
2659;;;Maury Seachannel;
2660;;;Irminger Basin;
2661;;;South Reykjanes Ridge;
2662;;;North Reykjanes Ridge;
2663;;;Northern Denmark Strait;
2664;;;The Westman Islands;
2665;;;Grimsey Island;
2666;;;Jan Mayen Ridge;
2667;;;Western Greenland Sea;
2668;;;Central Greenland Sea;
2669;;;Eastern Greenland Sea;
2670;;;Western Norwegian Sea;
2671;5909;2388;Cape North;Vest Fjord
2672;5911;2390;Trondsheimfjorden;Molde Fjord
2673;;;Voring Bank;
2674;5905;2385;Norwegian Basin;Varanger Fjord
2675;;;Rockall Plateau;
2676;;7462;Faroe Islands;
2677;5902;2382;Barents Sea;Central Barents Sea
2678;5903;2383;Motovsky Bay;South Barents Sea
2679;5904;2384;White Sea;White Sea
2680;;3023;Aral Sea;Aral Sea
2681;;;Norwegian Plain;
2682;5896;2396;The Wash;The Wash
2683;5897;2397;Firth of Forth;Mouth of the Tyne
2684;;2400;Shetland Islands;
2685;5899;2402;Orkney Islands;Pentland Firth
2686;;;Western North Sea;
2687;;3029;Lake Baikal;Lake Baikal
2688;;2394;Dogger Bank;Southcentral North Sea
2689;5894;2393;Norwegian Channel;Bokn Fjord
2690;;2600;Eastern North Sea;
2691;5891;2394;German Bight;Southcentral North Sea
2692;;2473;Heligoland Bight;Helgoland Bight
2693;5888;2473;Frisian Islands;Helgoland Bight
2694;5889;2474;Skagerrak;Skagerrak
2695;5890;2475;Kattegat;Kattegat
2696;5887;2476;Bay of Mecklenburg;Store B?lt
2697;5892;2472;Scheldt Estuary;Waddenzee
2698;5901;2395;Strait of Dover;Mouth of the Thames
2699;5945;2412;Seine Bay;Eastern English Channel
2700;5946;2413;English Channel;Western English Channel
2701;5947;2414;Gulf of Saint Malo;Channel Approach
2702;5949;2416;Bay of Quiberon;Central Bay of Biscaya
2703;5950;2417;Bay of Biscay;South Bay of Biscaya
2704;;2596;East Biscaya Basin;East Biscaya Basin
2705;5953;2419;Cap Penas;Costa Verde
2706;;;Galicia Bank;
2707;;;Porcupine Plain;
2708;5943;2410;Irish Sea;St. George's Channel
2709;5947;2414;St. George's Channel;Channel Approach
2710;;2411;Celtic Sea;Celtic Sea
2711;;;Porcupine Bank;
2712;;2405;North Channel;North Channel
2713;;;Rockall Trench;
2714;;;Cape Clear;
2715;;;Goban Spur;
2716;5934;2403;The Hebrides;The Minch
2717;;;Rockall;
2718;5882;2477;Pomeranian Bay;Pomeranian Bay
2719;5883;2478;Danzig Bay;Gulf of Danzig
2720;5884;2479;Kalmar Sound;Kalmar Sound
2721;5885;2480;Central Baltic Sea;Courland Lagoon
2722;5878;2481;Norrkoping Bay;Coast of Stockholm
2723;5879;2482;Northern Baltic Sea;Central Baltic Sea
2724;5880;2483;Gulf of Riga;Gulf of Riga
2725;5881;2484;Gulf of Finland;Gulf of Finland
2726;5875;2489;Ahvenanmaa Sea;Southwest Gulf of Bothnia
2727;5876;2491;Sea of Bothnia;Southeast Gulf of Bothnia
2728;5877;2494;Gulf of Bothnia;Northwest Gulf of Bothnia
2729;6011;2465;Western Black Sea;Western Black Sea
2730;6012;2466;Karkinit Bay;Karkinit Bay
2731;6015;2492;Eastern Black Sea;Central Black Sea
2732;6014;2468;Sea of Azov;Sea of Azov
2733;6016;7888;Central Black Sea;South Central Black Sea
2734;5995;2444;Western Adriatic Sea;North Adriatic Sea
2735;5995;2444;Gulf of Venice;North Adriatic Sea
2736;5996;2445;Eastern Adriatic Sea;Central Adriatic Sea
2737;5997;2446;Strait of Otranto;South Adriatic Sea
2738;6008;5108;Ionian Sea;Coast of Darna
2739;6003;5468;Ionian Islands;Ionian Islands
2740;6004;5469;Eastern Mediterranean Sea;Eastern Mediterranean
2741;5999;2463;Gulf of Antalya;Gulf of Antalya
2742;6000;2464;Aegean Sea;North Aegean Sea
2743;6001;2493;Sea of Crete;Sea of Crete
2744;6006;2452;Coast of Syria;Levant Sea
2745;;;Gulf of Haifa;
2746;;3012;Lake Nicaragua;Lake Nicaragua
2747;;3018;Lake Ladoga;Lake Ladoga
2748;;3024;Lake Balkhash;Lake Balkhash
2749;;3027;Lake Tanganyika;Lake Tanganyika
2750;;3028;Lake Malawi;Lake Malawi
2751;;;Lake Vaenern;
2752;;;Lake Vaettern;
2753;;3026;Lake Victoria;Lake Victoria
2754;;3025;Lake Chad;Lake Chad
2755;;;Salt Lake;
2756;;3010;Lake Ontario;Lake Ontario
2757;;3022;Caspian Sea;Caspian Sea
2758;;3022;Caspian Sea;Caspian Sea
2759;;3022;Caspian Sea;Caspian Sea
